common_name,scientific_name,N0,K_base,K_max,r_base_ricker,r_min_ricker,r_max_ricker,r_base_lgm,r_min_lgm,r_max_lgm
Egyptian vulture,Neophron percnopterus,41,325,650,-0.0912,-0.2558,-0.0098,-0.0872,-0.2257,-0.0098
Bottlenose dolphin,Tursiops truncatus,25,35,70,-0.0644,-0.1492,-0.0212,-0.0624,-0.1386,-0.021
Amur tiger,Panthera tigris altaica,200,250,500,-0.0458,-0.4753,0.0707,-0.0448,-0.3783,0.0733
Spotted turtle,Clemmys guttata,31,31,62,-0.005,-0.0619,0.0201,-0.005,-0.06,0.0203
Asian elephant,Elephas maximus,60,120,240,0.0187,-0.0005,0.0283,0.0189,-0.0005,0.0287
Puerto Rican parrot,Amazona vittata,78,250,500,0.0606,-0.1441,0.1367,0.0625,-0.1342,0.1465
Iberian lynx,Lynx pardinus,89,165,330,0.1103,-0.0364,0.1745,0.1166,-0.0357,0.1906
Jaguar,Panthera onca,325,325,650,0.1588,-0.0307,0.2259,0.1721,-0.0302,0.2534
Crab-eating fox,Cerdocyon thous,41,41,82,0.323,-0.0131,0.4418,0.3813,-0.013,0.5555
