actual_rows,candidate_allocation,candidate_construction,candidate_count,candidate_family,candidate_seed_root,collection_reward_mode,config_sha256,config_tag,discretization_id,environment,episode_count,equation_version,evaluation_artifact_dir,expose_rk,filter,fit_budget_id,fit_cache_hit_required,fit_cache_policy,fit_cell,fit_manifest_index,fit_receipt_path,index,method,method_impl_version,new_candidate_fits,num_actions,observation_protocol,overshoot_rows,planner,population,prior,recoverable,regime_path_count,regime_persistence_grid,regularization_variant,return_blinding,reusable_candidate_references,reward_mode,reward_role,run_scope,run_stage,runtime_digest_reference,sigma_obs,target_rows,collapse_penalty,reward_definition,evaluation_seeds,evaluation_episodes,episodes_per_evaluation_seed,evaluation_horizon,planner_horizon,planner_discount,evaluation_discount,initial_state_definition,authoritative_dataset_sha256,authoritative_public_file_sha256,authoritative_private_file_sha256,authoritative_registry_sha256,matched_general_indices,collection_seed,source_p5_resolved_row,source_p5_resolved_row_sha256,environment_randomness,source_preserved_manifest_index
4000,ricker:8,ricker_only_episode_bootstrap_map_1full_7bootstrap_v1,8,ricker,51116,safe,10a064344e07cac16a7b2d5bd717bdce109c8970148de4295d6ff3532297fa68,plus_three_species_matched_p10_v1,registered_b41_c9_o41,ricker,160,adapted_mechanistic_v2,evaluation/regime_hidden/amur_tiger/ricker/sigma_0p1/plus_three_species_matched_p10_v1/data_real/backend_numpy/regime_hidden/reward_safe/plus_adapted_ricker_only_pbvi/faithful_internal/faithful_artifacts,hidden,faithful_internal,registered_s8_i100_m16,True,verified_reward_independent_fit_reuse_v1,regime_hidden/reward_safe/amur_tiger/ricker/sigma_0p1,reused,fit_receipts/regime_hidden/reward_safe/amur_tiger/ricker/sigma_0p1/plus_adapted_ricker_only_pbvi/fit_receipt.json,0,plus_adapted_ricker_only_pbvi,plus_adapted_ricker_only_pbvi_v1,0,11,lognormal_conditional_mean_v1,0,pbvi,Amur tiger,uniform,True,not_applicable,not_applicable,none_structural_v1,summary_json_and_return_fields_sealed_until_acceptance,8,safe,planner_evaluator_only,three_species_ecological_p10_correction_v1,plan_evaluate,7628816c85a39d49373892a0e72d1751de2f0a32dd003b93a54ca1f3e151982c,0.1,4000,10.0,general_rl_safe_p10_v1,7001;7051;7101;7151;7201,20,4,50,5,0.95,0.95,deterministic_population_N0,2cc7611c7bbcb6f72cbda49db73cfc24bde41b297564581dc90a5f60cf3c0d85,b8dce12ab815ab5e095841aa8971f97a2c1abc6606f1352e6db525fcfdf18103,fc681a899686b063613a99519579af21794ba40d0b20517f6557bac8704021da,474d1a65d2e5ec28c741f5b7ac5691be891712e753ee6a9a6590337d62f5f0c4,256;257;258;259,116,/fs04/scratch2/ce25/Claude_DeepRL_Population_Models/real_ecology_runs/ricker_only_plus_72_20260720/production/evaluation/regime_hidden/amur_tiger/ricker/sigma_0p1/ricker_only_8_v1/data_real/backend_numpy/regime_hidden/reward_safe/plus_adapted_ricker_only_pbvi/faithful_internal/manifest_row_resolved.json,fbdce401b65e8ab0ccbd172c73f4a651f0537c7110cdc69da995bcd48cfc8fbf,,
4000,ricker:8,ricker_only_episode_bootstrap_map_1full_7bootstrap_v1,8,ricker,51116,safe,10a064344e07cac16a7b2d5bd717bdce109c8970148de4295d6ff3532297fa68,plus_three_species_matched_p10_v1,registered_b41_c9_o41,ricker,160,adapted_mechanistic_v2,evaluation/regime_hidden/amur_tiger/ricker/sigma_0p2/plus_three_species_matched_p10_v1/data_real/backend_numpy/regime_hidden/reward_safe/plus_adapted_ricker_only_pbvi/faithful_internal/faithful_artifacts,hidden,faithful_internal,registered_s8_i100_m16,True,verified_reward_independent_fit_reuse_v1,regime_hidden/reward_safe/amur_tiger/ricker/sigma_0p2,reused,fit_receipts/regime_hidden/reward_safe/amur_tiger/ricker/sigma_0p2/plus_adapted_ricker_only_pbvi/fit_receipt.json,1,plus_adapted_ricker_only_pbvi,plus_adapted_ricker_only_pbvi_v1,0,11,lognormal_conditional_mean_v1,0,pbvi,Amur tiger,uniform,True,not_applicable,not_applicable,none_structural_v1,summary_json_and_return_fields_sealed_until_acceptance,8,safe,planner_evaluator_only,three_species_ecological_p10_correction_v1,plan_evaluate,7628816c85a39d49373892a0e72d1751de2f0a32dd003b93a54ca1f3e151982c,0.2,4000,10.0,general_rl_safe_p10_v1,7001;7051;7101;7151;7201,20,4,50,5,0.95,0.95,deterministic_population_N0,04f38e874ce0f95cdf69acfdd639b511c1c828972dd7e043193c751609768080,e599bd403f6fbeec384f86b48fa05891bfedeb4d3f3117c19b6be855f0cf969c,2a97f3a9ff55c04926a64603f8a8f1fc577dedcda436544803a9d8918ed46cba,474d1a65d2e5ec28c741f5b7ac5691be891712e753ee6a9a6590337d62f5f0c4,260;261;262;263,116,/fs04/scratch2/ce25/Claude_DeepRL_Population_Models/real_ecology_runs/ricker_only_plus_72_20260720/production/evaluation/regime_hidden/amur_tiger/ricker/sigma_0p2/ricker_only_8_v1/data_real/backend_numpy/regime_hidden/reward_safe/plus_adapted_ricker_only_pbvi/faithful_internal/manifest_row_resolved.json,c63232602c15866c2c7f384a396ed8a596657e66f615504405f3ae9add49be1c,,
4000,ricker:8,ricker_only_episode_bootstrap_map_1full_7bootstrap_v1,8,ricker,51116,safe,10a064344e07cac16a7b2d5bd717bdce109c8970148de4295d6ff3532297fa68,plus_three_species_matched_p10_v1,registered_b41_c9_o41,allee,160,adapted_mechanistic_v2,evaluation/regime_hidden/amur_tiger/allee/sigma_0p1/plus_three_species_matched_p10_v1/data_real/backend_numpy/regime_hidden/reward_safe/plus_adapted_ricker_only_pbvi/faithful_internal/faithful_artifacts,hidden,faithful_internal,registered_s8_i100_m16,True,verified_reward_independent_fit_reuse_v1,regime_hidden/reward_safe/amur_tiger/allee/sigma_0p1,reused,fit_receipts/regime_hidden/reward_safe/amur_tiger/allee/sigma_0p1/plus_adapted_ricker_only_pbvi/fit_receipt.json,2,plus_adapted_ricker_only_pbvi,plus_adapted_ricker_only_pbvi_v1,0,11,lognormal_conditional_mean_v1,0,pbvi,Amur tiger,uniform,True,not_applicable,not_applicable,none_structural_v1,summary_json_and_return_fields_sealed_until_acceptance,8,safe,planner_evaluator_only,three_species_ecological_p10_correction_v1,plan_evaluate,7628816c85a39d49373892a0e72d1751de2f0a32dd003b93a54ca1f3e151982c,0.1,4000,10.0,general_rl_safe_p10_v1,7001;7051;7101;7151;7201,20,4,50,5,0.95,0.95,deterministic_population_N0,a408ee1968a695414be8bf3bfdbd0f87ee60588e2b6fa68872593ecb25f07059,b2ea7c674d565548ba28809ce64e6113e1159a0140ccd9197a190d286bea7858,2dbdd5df64838a1ed494ee4955830d7ccc0b4e17e7e6899eafc8744531e20640,474d1a65d2e5ec28c741f5b7ac5691be891712e753ee6a9a6590337d62f5f0c4,264;265;266;267,116,/fs04/scratch2/ce25/Claude_DeepRL_Population_Models/real_ecology_runs/ricker_only_plus_72_20260720/production/evaluation/regime_hidden/amur_tiger/allee/sigma_0p1/ricker_only_8_v1/data_real/backend_numpy/regime_hidden/reward_safe/plus_adapted_ricker_only_pbvi/faithful_internal/manifest_row_resolved.json,cfc4b54329d524febbe2613c42e67b962e4f71bca3a9e4c480433390fcc56ba5,,
4000,ricker:8,ricker_only_episode_bootstrap_map_1full_7bootstrap_v1,8,ricker,51116,safe,10a064344e07cac16a7b2d5bd717bdce109c8970148de4295d6ff3532297fa68,plus_three_species_matched_p10_v1,registered_b41_c9_o41,allee,160,adapted_mechanistic_v2,evaluation/regime_hidden/amur_tiger/allee/sigma_0p2/plus_three_species_matched_p10_v1/data_real/backend_numpy/regime_hidden/reward_safe/plus_adapted_ricker_only_pbvi/faithful_internal/faithful_artifacts,hidden,faithful_internal,registered_s8_i100_m16,True,verified_reward_independent_fit_reuse_v1,regime_hidden/reward_safe/amur_tiger/allee/sigma_0p2,reused,fit_receipts/regime_hidden/reward_safe/amur_tiger/allee/sigma_0p2/plus_adapted_ricker_only_pbvi/fit_receipt.json,3,plus_adapted_ricker_only_pbvi,plus_adapted_ricker_only_pbvi_v1,0,11,lognormal_conditional_mean_v1,0,pbvi,Amur tiger,uniform,True,not_applicable,not_applicable,none_structural_v1,summary_json_and_return_fields_sealed_until_acceptance,8,safe,planner_evaluator_only,three_species_ecological_p10_correction_v1,plan_evaluate,7628816c85a39d49373892a0e72d1751de2f0a32dd003b93a54ca1f3e151982c,0.2,4000,10.0,general_rl_safe_p10_v1,7001;7051;7101;7151;7201,20,4,50,5,0.95,0.95,deterministic_population_N0,7e71172af4bc95b2c31291414af53371c1ea94393e01675d269b2b7c360324c9,9e9c3a6d4bcee3c27c785f46ce17b66e1c9099c446213f46ebcfa3c3851f771c,1658f587cc2b1144362bd90182efce1bd33b65d35c47c1e9dae4320d705b8668,474d1a65d2e5ec28c741f5b7ac5691be891712e753ee6a9a6590337d62f5f0c4,268;269;270;271,116,/fs04/scratch2/ce25/Claude_DeepRL_Population_Models/real_ecology_runs/ricker_only_plus_72_20260720/production/evaluation/regime_hidden/amur_tiger/allee/sigma_0p2/ricker_only_8_v1/data_real/backend_numpy/regime_hidden/reward_safe/plus_adapted_ricker_only_pbvi/faithful_internal/manifest_row_resolved.json,0cea757c7a58276d33eac169818d3a0e66984de3bd390a6a8696635eb72a6eaf,,
4000,ricker:8,ricker_only_episode_bootstrap_map_1full_7bootstrap_v1,8,ricker,51116,safe,10a064344e07cac16a7b2d5bd717bdce109c8970148de4295d6ff3532297fa68,plus_three_species_matched_p10_v1,registered_b41_c9_o41,theta,160,adapted_mechanistic_v2,evaluation/regime_hidden/amur_tiger/theta/sigma_0p1/plus_three_species_matched_p10_v1/data_real/backend_numpy/regime_hidden/reward_safe/plus_adapted_ricker_only_pbvi/faithful_internal/faithful_artifacts,hidden,faithful_internal,registered_s8_i100_m16,True,verified_reward_independent_fit_reuse_v1,regime_hidden/reward_safe/amur_tiger/theta/sigma_0p1,reused,fit_receipts/regime_hidden/reward_safe/amur_tiger/theta/sigma_0p1/plus_adapted_ricker_only_pbvi/fit_receipt.json,4,plus_adapted_ricker_only_pbvi,plus_adapted_ricker_only_pbvi_v1,0,11,lognormal_conditional_mean_v1,0,pbvi,Amur tiger,uniform,True,not_applicable,not_applicable,none_structural_v1,summary_json_and_return_fields_sealed_until_acceptance,8,safe,planner_evaluator_only,three_species_ecological_p10_correction_v1,plan_evaluate,7628816c85a39d49373892a0e72d1751de2f0a32dd003b93a54ca1f3e151982c,0.1,4000,10.0,general_rl_safe_p10_v1,7001;7051;7101;7151;7201,20,4,50,5,0.95,0.95,deterministic_population_N0,31cb9899650536ca89f70c8a1eadcb6de98a2a1a58205ecc8c9ab9bcad4c8063,a51bb184430f6b3c68e9d854af56392b74bad034e06b1c50a7985d13467048cb,c0cf3550cbc5390db04f2d9e9ca3e77f0a1251b7db4944720525dc853d2b9935,474d1a65d2e5ec28c741f5b7ac5691be891712e753ee6a9a6590337d62f5f0c4,272;273;274;275,116,/fs04/scratch2/ce25/Claude_DeepRL_Population_Models/real_ecology_runs/ricker_only_plus_72_20260720/production/evaluation/regime_hidden/amur_tiger/theta/sigma_0p1/ricker_only_8_v1/data_real/backend_numpy/regime_hidden/reward_safe/plus_adapted_ricker_only_pbvi/faithful_internal/manifest_row_resolved.json,e5d0f1d1f3b129dd8fcc61916ef90b0522bee7e3c2a561eba9423fb10d3564de,,
4000,ricker:8,ricker_only_episode_bootstrap_map_1full_7bootstrap_v1,8,ricker,51116,safe,10a064344e07cac16a7b2d5bd717bdce109c8970148de4295d6ff3532297fa68,plus_three_species_matched_p10_v1,registered_b41_c9_o41,theta,160,adapted_mechanistic_v2,evaluation/regime_hidden/amur_tiger/theta/sigma_0p2/plus_three_species_matched_p10_v1/data_real/backend_numpy/regime_hidden/reward_safe/plus_adapted_ricker_only_pbvi/faithful_internal/faithful_artifacts,hidden,faithful_internal,registered_s8_i100_m16,True,verified_reward_independent_fit_reuse_v1,regime_hidden/reward_safe/amur_tiger/theta/sigma_0p2,reused,fit_receipts/regime_hidden/reward_safe/amur_tiger/theta/sigma_0p2/plus_adapted_ricker_only_pbvi/fit_receipt.json,5,plus_adapted_ricker_only_pbvi,plus_adapted_ricker_only_pbvi_v1,0,11,lognormal_conditional_mean_v1,0,pbvi,Amur tiger,uniform,True,not_applicable,not_applicable,none_structural_v1,summary_json_and_return_fields_sealed_until_acceptance,8,safe,planner_evaluator_only,three_species_ecological_p10_correction_v1,plan_evaluate,7628816c85a39d49373892a0e72d1751de2f0a32dd003b93a54ca1f3e151982c,0.2,4000,10.0,general_rl_safe_p10_v1,7001;7051;7101;7151;7201,20,4,50,5,0.95,0.95,deterministic_population_N0,bd0f16b38f821b0376003c505545bd4cf7fd33382656df88ab18f1e3438ab651,d614e1ade2a14857d1292212e6e0acd7d983e78a85db19dc661878fad77913c6,8a8a93e2e4b81de10863cfeeae440d65b8cf360d49e446872f4735ddbec9e3ee,474d1a65d2e5ec28c741f5b7ac5691be891712e753ee6a9a6590337d62f5f0c4,276;277;278;279,116,/fs04/scratch2/ce25/Claude_DeepRL_Population_Models/real_ecology_runs/ricker_only_plus_72_20260720/production/evaluation/regime_hidden/amur_tiger/theta/sigma_0p2/ricker_only_8_v1/data_real/backend_numpy/regime_hidden/reward_safe/plus_adapted_ricker_only_pbvi/faithful_internal/manifest_row_resolved.json,cc77ea6dcbb33811fbbc3f36ae64f62f6269f7c90ca2989db6769c10ff240d84,,
4000,ricker:8,ricker_only_episode_bootstrap_map_1full_7bootstrap_v1,8,ricker,51116,safe,10a064344e07cac16a7b2d5bd717bdce109c8970148de4295d6ff3532297fa68,plus_three_species_matched_p10_v1,registered_b41_c9_o41,regime,160,adapted_mechanistic_v2,evaluation/regime_hidden/amur_tiger/regime/sigma_0p1/plus_three_species_matched_p10_v1/data_real/backend_numpy/regime_hidden/reward_safe/plus_adapted_ricker_only_pbvi/faithful_internal/faithful_artifacts,hidden,faithful_internal,registered_s8_i100_m16,True,verified_reward_independent_fit_reuse_v1,regime_hidden/reward_safe/amur_tiger/regime/sigma_0p1,reused,fit_receipts/regime_hidden/reward_safe/amur_tiger/regime/sigma_0p1/plus_adapted_ricker_only_pbvi/fit_receipt.json,6,plus_adapted_ricker_only_pbvi,plus_adapted_ricker_only_pbvi_v1,0,11,lognormal_conditional_mean_v1,0,pbvi,Amur tiger,uniform,True,not_applicable,not_applicable,none_structural_v1,summary_json_and_return_fields_sealed_until_acceptance,8,safe,planner_evaluator_only,three_species_ecological_p10_correction_v1,plan_evaluate,7628816c85a39d49373892a0e72d1751de2f0a32dd003b93a54ca1f3e151982c,0.1,4000,10.0,general_rl_safe_p10_v1,7001;7051;7101;7151;7201,20,4,50,5,0.95,0.95,deterministic_population_N0,e65ebec4cf71e20c1ae4e015fd0f15c2f9e6606d4e0affab024b9c71c2a140da,c739792dc7eea3b0edfc439cde1814b3ba9956e0cb6043f564c93f7a5027952c,e88f84b1d6a4b68ddb001e420024eec6c7562ba2b8066c95f0e79490356953f0,474d1a65d2e5ec28c741f5b7ac5691be891712e753ee6a9a6590337d62f5f0c4,280;281;282;283,116,/fs04/scratch2/ce25/Claude_DeepRL_Population_Models/real_ecology_runs/ricker_only_plus_72_20260720/production/evaluation/regime_hidden/amur_tiger/regime/sigma_0p1/ricker_only_8_v1/data_real/backend_numpy/regime_hidden/reward_safe/plus_adapted_ricker_only_pbvi/faithful_internal/manifest_row_resolved.json,6319b0c828c905b43e1ae76b4df0febade1d392fa38ce09769db35f7ac8090b3,,
4000,ricker:8,ricker_only_episode_bootstrap_map_1full_7bootstrap_v1,8,ricker,51116,safe,10a064344e07cac16a7b2d5bd717bdce109c8970148de4295d6ff3532297fa68,plus_three_species_matched_p10_v1,registered_b41_c9_o41,regime,160,adapted_mechanistic_v2,evaluation/regime_hidden/amur_tiger/regime/sigma_0p2/plus_three_species_matched_p10_v1/data_real/backend_numpy/regime_hidden/reward_safe/plus_adapted_ricker_only_pbvi/faithful_internal/faithful_artifacts,hidden,faithful_internal,registered_s8_i100_m16,True,verified_reward_independent_fit_reuse_v1,regime_hidden/reward_safe/amur_tiger/regime/sigma_0p2,reused,fit_receipts/regime_hidden/reward_safe/amur_tiger/regime/sigma_0p2/plus_adapted_ricker_only_pbvi/fit_receipt.json,7,plus_adapted_ricker_only_pbvi,plus_adapted_ricker_only_pbvi_v1,0,11,lognormal_conditional_mean_v1,0,pbvi,Amur tiger,uniform,True,not_applicable,not_applicable,none_structural_v1,summary_json_and_return_fields_sealed_until_acceptance,8,safe,planner_evaluator_only,three_species_ecological_p10_correction_v1,plan_evaluate,7628816c85a39d49373892a0e72d1751de2f0a32dd003b93a54ca1f3e151982c,0.2,4000,10.0,general_rl_safe_p10_v1,7001;7051;7101;7151;7201,20,4,50,5,0.95,0.95,deterministic_population_N0,fb5f4a13e403816de4b46fdab8ac62c2ac8c02518c5366bf57131e688f28b351,d27f035005ea92da342e996f7b515f24108355faa1e86c2c12d179c72577f278,31e9235b4c4da615c48d73c2d2beaaa43af9ab2e61db29da3520e7a7a184eb0c,474d1a65d2e5ec28c741f5b7ac5691be891712e753ee6a9a6590337d62f5f0c4,284;285;286;287,116,/fs04/scratch2/ce25/Claude_DeepRL_Population_Models/real_ecology_runs/ricker_only_plus_72_20260720/production/evaluation/regime_hidden/amur_tiger/regime/sigma_0p2/ricker_only_8_v1/data_real/backend_numpy/regime_hidden/reward_safe/plus_adapted_ricker_only_pbvi/faithful_internal/manifest_row_resolved.json,82e482c9df1f6356272dbbfd6fc54711041e24860f49c8a57fec821c4dd0f9dd,,
4000,ricker:8,ricker_only_episode_bootstrap_map_1full_7bootstrap_v1,8,ricker,51116,safe,10a064344e07cac16a7b2d5bd717bdce109c8970148de4295d6ff3532297fa68,plus_three_species_matched_p10_v1,registered_b41_c9_o41,ricker,160,adapted_mechanistic_v2,evaluation/regime_hidden/crab_eating_fox/ricker/sigma_0p1/plus_three_species_matched_p10_v1/data_real/backend_numpy/regime_hidden/reward_safe/plus_adapted_ricker_only_pbvi/faithful_internal/faithful_artifacts,hidden,faithful_internal,registered_s8_i100_m16,True,verified_reward_independent_fit_reuse_v1,regime_hidden/reward_safe/crab_eating_fox/ricker/sigma_0p1,reused,fit_receipts/regime_hidden/reward_safe/crab_eating_fox/ricker/sigma_0p1/plus_adapted_ricker_only_pbvi/fit_receipt.json,8,plus_adapted_ricker_only_pbvi,plus_adapted_ricker_only_pbvi_v1,0,11,lognormal_conditional_mean_v1,0,pbvi,Crab-eating fox,uniform,True,not_applicable,not_applicable,none_structural_v1,summary_json_and_return_fields_sealed_until_acceptance,8,safe,planner_evaluator_only,three_species_ecological_p10_correction_v1,plan_evaluate,7628816c85a39d49373892a0e72d1751de2f0a32dd003b93a54ca1f3e151982c,0.1,4000,10.0,general_rl_safe_p10_v1,7001;7051;7101;7151;7201,20,4,50,5,0.95,0.95,deterministic_population_N0,8c302e49638bc20b97331a7085452482bf5d76eddd38a78f1afc476501f9fe25,58a5ba22fee585ef8b91abf6de42de10c6caa1aa9795b8721e726602a8d526f0,59ea4e27cccb74a6fdbb5893a61ee6bf535fbddf94d44d568b97079d93faa18b,474d1a65d2e5ec28c741f5b7ac5691be891712e753ee6a9a6590337d62f5f0c4,160;161;162;163,116,/fs04/scratch2/ce25/Claude_DeepRL_Population_Models/real_ecology_runs/ricker_only_plus_72_20260720/production/evaluation/regime_hidden/crab_eating_fox/ricker/sigma_0p1/ricker_only_8_v1/data_real/backend_numpy/regime_hidden/reward_safe/plus_adapted_ricker_only_pbvi/faithful_internal/manifest_row_resolved.json,ad4c735ed3955bb5096f974b7e837fdf97e0c9e8d3d782e4398bec6817016e0a,,
4000,ricker:8,ricker_only_episode_bootstrap_map_1full_7bootstrap_v1,8,ricker,51116,safe,10a064344e07cac16a7b2d5bd717bdce109c8970148de4295d6ff3532297fa68,plus_three_species_matched_p10_v1,registered_b41_c9_o41,ricker,160,adapted_mechanistic_v2,evaluation/regime_hidden/crab_eating_fox/ricker/sigma_0p2/plus_three_species_matched_p10_v1/data_real/backend_numpy/regime_hidden/reward_safe/plus_adapted_ricker_only_pbvi/faithful_internal/faithful_artifacts,hidden,faithful_internal,registered_s8_i100_m16,True,verified_reward_independent_fit_reuse_v1,regime_hidden/reward_safe/crab_eating_fox/ricker/sigma_0p2,reused,fit_receipts/regime_hidden/reward_safe/crab_eating_fox/ricker/sigma_0p2/plus_adapted_ricker_only_pbvi/fit_receipt.json,9,plus_adapted_ricker_only_pbvi,plus_adapted_ricker_only_pbvi_v1,0,11,lognormal_conditional_mean_v1,0,pbvi,Crab-eating fox,uniform,True,not_applicable,not_applicable,none_structural_v1,summary_json_and_return_fields_sealed_until_acceptance,8,safe,planner_evaluator_only,three_species_ecological_p10_correction_v1,plan_evaluate,7628816c85a39d49373892a0e72d1751de2f0a32dd003b93a54ca1f3e151982c,0.2,4000,10.0,general_rl_safe_p10_v1,7001;7051;7101;7151;7201,20,4,50,5,0.95,0.95,deterministic_population_N0,17c930ccd749ed236030de1a4eeff58925679c2d53fe6a96e697c839f849d481,186c094d6496c84339c0177ebdcbf423e20f22bf143ab59eae87fdc0b37eef05,9c4c8cf5768639627bbaee3156e16a414b6539ecaaaeb59425a982a17dadcee8,474d1a65d2e5ec28c741f5b7ac5691be891712e753ee6a9a6590337d62f5f0c4,164;165;166;167,116,/fs04/scratch2/ce25/Claude_DeepRL_Population_Models/real_ecology_runs/ricker_only_plus_72_20260720/production/evaluation/regime_hidden/crab_eating_fox/ricker/sigma_0p2/ricker_only_8_v1/data_real/backend_numpy/regime_hidden/reward_safe/plus_adapted_ricker_only_pbvi/faithful_internal/manifest_row_resolved.json,e031a949e6fdcfa1290c090db28d4dba0a65c6563b9b76c0417210a73fff9281,,
4000,ricker:8,ricker_only_episode_bootstrap_map_1full_7bootstrap_v1,8,ricker,51116,safe,10a064344e07cac16a7b2d5bd717bdce109c8970148de4295d6ff3532297fa68,plus_three_species_matched_p10_v1,registered_b41_c9_o41,allee,160,adapted_mechanistic_v2,evaluation/regime_hidden/crab_eating_fox/allee/sigma_0p1/plus_three_species_matched_p10_v1/data_real/backend_numpy/regime_hidden/reward_safe/plus_adapted_ricker_only_pbvi/faithful_internal/faithful_artifacts,hidden,faithful_internal,registered_s8_i100_m16,True,verified_reward_independent_fit_reuse_v1,regime_hidden/reward_safe/crab_eating_fox/allee/sigma_0p1,reused,fit_receipts/regime_hidden/reward_safe/crab_eating_fox/allee/sigma_0p1/plus_adapted_ricker_only_pbvi/fit_receipt.json,10,plus_adapted_ricker_only_pbvi,plus_adapted_ricker_only_pbvi_v1,0,11,lognormal_conditional_mean_v1,0,pbvi,Crab-eating fox,uniform,True,not_applicable,not_applicable,none_structural_v1,summary_json_and_return_fields_sealed_until_acceptance,8,safe,planner_evaluator_only,three_species_ecological_p10_correction_v1,plan_evaluate,7628816c85a39d49373892a0e72d1751de2f0a32dd003b93a54ca1f3e151982c,0.1,4000,10.0,general_rl_safe_p10_v1,7001;7051;7101;7151;7201,20,4,50,5,0.95,0.95,deterministic_population_N0,03c94a3591060c072c613cf5ce36e8c966cc310f8afd397dc38b16f19e7122e9,9c61c13b1839513e1af5a3aaa4fab7a49e71b3717451ffa744e5b3370df455ce,33d64a238b5fda33e288bbbd92bc76d69d60db514ceee2eb792fc82ec02ea0ce,474d1a65d2e5ec28c741f5b7ac5691be891712e753ee6a9a6590337d62f5f0c4,168;169;170;171,116,/fs04/scratch2/ce25/Claude_DeepRL_Population_Models/real_ecology_runs/ricker_only_plus_72_20260720/production/evaluation/regime_hidden/crab_eating_fox/allee/sigma_0p1/ricker_only_8_v1/data_real/backend_numpy/regime_hidden/reward_safe/plus_adapted_ricker_only_pbvi/faithful_internal/manifest_row_resolved.json,04359b5d5499bf5af9763f9ac4c655e585a7dffe5aba5879a459295a7d3b65a3,,
4000,ricker:8,ricker_only_episode_bootstrap_map_1full_7bootstrap_v1,8,ricker,51116,safe,10a064344e07cac16a7b2d5bd717bdce109c8970148de4295d6ff3532297fa68,plus_three_species_matched_p10_v1,registered_b41_c9_o41,allee,160,adapted_mechanistic_v2,evaluation/regime_hidden/crab_eating_fox/allee/sigma_0p2/plus_three_species_matched_p10_v1/data_real/backend_numpy/regime_hidden/reward_safe/plus_adapted_ricker_only_pbvi/faithful_internal/faithful_artifacts,hidden,faithful_internal,registered_s8_i100_m16,True,verified_reward_independent_fit_reuse_v1,regime_hidden/reward_safe/crab_eating_fox/allee/sigma_0p2,reused,fit_receipts/regime_hidden/reward_safe/crab_eating_fox/allee/sigma_0p2/plus_adapted_ricker_only_pbvi/fit_receipt.json,11,plus_adapted_ricker_only_pbvi,plus_adapted_ricker_only_pbvi_v1,0,11,lognormal_conditional_mean_v1,0,pbvi,Crab-eating fox,uniform,True,not_applicable,not_applicable,none_structural_v1,summary_json_and_return_fields_sealed_until_acceptance,8,safe,planner_evaluator_only,three_species_ecological_p10_correction_v1,plan_evaluate,7628816c85a39d49373892a0e72d1751de2f0a32dd003b93a54ca1f3e151982c,0.2,4000,10.0,general_rl_safe_p10_v1,7001;7051;7101;7151;7201,20,4,50,5,0.95,0.95,deterministic_population_N0,688d580f1e47a61dcad9b8a6cb96f1d62835bfbd0b835554cf31c8ab8bdd0c13,7d1b2fc8a1949dda6f53f39eff1dbfe220719d0cbad9f8956ab7ca2d08e87e19,4149e293d70a59b000a3b947ce663fb3de282fb404cea857f02be00718a467e5,474d1a65d2e5ec28c741f5b7ac5691be891712e753ee6a9a6590337d62f5f0c4,172;173;174;175,116,/fs04/scratch2/ce25/Claude_DeepRL_Population_Models/real_ecology_runs/ricker_only_plus_72_20260720/production/evaluation/regime_hidden/crab_eating_fox/allee/sigma_0p2/ricker_only_8_v1/data_real/backend_numpy/regime_hidden/reward_safe/plus_adapted_ricker_only_pbvi/faithful_internal/manifest_row_resolved.json,e5c5f7d631330fb5f24c59299639df1f346d623534f2e9c0e4289bc620413f35,,
4000,ricker:8,ricker_only_episode_bootstrap_map_1full_7bootstrap_v1,8,ricker,51116,safe,10a064344e07cac16a7b2d5bd717bdce109c8970148de4295d6ff3532297fa68,plus_three_species_matched_p10_v1,registered_b41_c9_o41,theta,160,adapted_mechanistic_v2,evaluation/regime_hidden/crab_eating_fox/theta/sigma_0p1/plus_three_species_matched_p10_v1/data_real/backend_numpy/regime_hidden/reward_safe/plus_adapted_ricker_only_pbvi/faithful_internal/faithful_artifacts,hidden,faithful_internal,registered_s8_i100_m16,True,verified_reward_independent_fit_reuse_v1,regime_hidden/reward_safe/crab_eating_fox/theta/sigma_0p1,reused,fit_receipts/regime_hidden/reward_safe/crab_eating_fox/theta/sigma_0p1/plus_adapted_ricker_only_pbvi/fit_receipt.json,12,plus_adapted_ricker_only_pbvi,plus_adapted_ricker_only_pbvi_v1,0,11,lognormal_conditional_mean_v1,0,pbvi,Crab-eating fox,uniform,True,not_applicable,not_applicable,none_structural_v1,summary_json_and_return_fields_sealed_until_acceptance,8,safe,planner_evaluator_only,three_species_ecological_p10_correction_v1,plan_evaluate,7628816c85a39d49373892a0e72d1751de2f0a32dd003b93a54ca1f3e151982c,0.1,4000,10.0,general_rl_safe_p10_v1,7001;7051;7101;7151;7201,20,4,50,5,0.95,0.95,deterministic_population_N0,b198aa7a5d3989a66be4a1fc8b4b299a0552fe287b6d2e192eb237e10f34bbc7,c31fc43f6e597c1b448bd66c00e76047d84abdb1b8b010f0783bbe9a69fc5b90,d218555eb0241630795bc51dbac9124da6873941889fa879d2304a1ddcbacaed,474d1a65d2e5ec28c741f5b7ac5691be891712e753ee6a9a6590337d62f5f0c4,176;177;178;179,116,/fs04/scratch2/ce25/Claude_DeepRL_Population_Models/real_ecology_runs/option_a_three_species_safe_completion_20260723_v1/plus_alignment/evaluation/regime_hidden/crab_eating_fox/theta/sigma_0p1/ricker_only_8_exact_general_dataset_alignment_v1/data_real/backend_numpy/regime_hidden/reward_safe/plus_adapted_ricker_only_pbvi/faithful_internal/manifest_row_resolved.json,55802539f030de203959cb599b251e9aecd27b82180eac0a41c3ced8a5d5b2d2,frozen_evaluator_seeded_by_registered_evaluation_seeds,68
4000,ricker:8,ricker_only_episode_bootstrap_map_1full_7bootstrap_v1,8,ricker,51116,safe,10a064344e07cac16a7b2d5bd717bdce109c8970148de4295d6ff3532297fa68,plus_three_species_matched_p10_v1,registered_b41_c9_o41,theta,160,adapted_mechanistic_v2,evaluation/regime_hidden/crab_eating_fox/theta/sigma_0p2/plus_three_species_matched_p10_v1/data_real/backend_numpy/regime_hidden/reward_safe/plus_adapted_ricker_only_pbvi/faithful_internal/faithful_artifacts,hidden,faithful_internal,registered_s8_i100_m16,True,verified_reward_independent_fit_reuse_v1,regime_hidden/reward_safe/crab_eating_fox/theta/sigma_0p2,reused,fit_receipts/regime_hidden/reward_safe/crab_eating_fox/theta/sigma_0p2/plus_adapted_ricker_only_pbvi/fit_receipt.json,13,plus_adapted_ricker_only_pbvi,plus_adapted_ricker_only_pbvi_v1,0,11,lognormal_conditional_mean_v1,0,pbvi,Crab-eating fox,uniform,True,not_applicable,not_applicable,none_structural_v1,summary_json_and_return_fields_sealed_until_acceptance,8,safe,planner_evaluator_only,three_species_ecological_p10_correction_v1,plan_evaluate,7628816c85a39d49373892a0e72d1751de2f0a32dd003b93a54ca1f3e151982c,0.2,4000,10.0,general_rl_safe_p10_v1,7001;7051;7101;7151;7201,20,4,50,5,0.95,0.95,deterministic_population_N0,684748d9f018313651ee689c7bc41cabcd6d8cf1cbc2b253646bef84b3937c20,173ff154b5f0fba5c32c3c91480dde488ad2fef4feb09dae6cfc1bbbe269938e,2f9c13a0b4e6bada592bb2e9fbb3db051ce3566bb7e43f03c527cb8114692bfe,474d1a65d2e5ec28c741f5b7ac5691be891712e753ee6a9a6590337d62f5f0c4,180;181;182;183,116,/fs04/scratch2/ce25/Claude_DeepRL_Population_Models/real_ecology_runs/option_a_three_species_safe_completion_20260723_v1/plus_alignment/evaluation/regime_hidden/crab_eating_fox/theta/sigma_0p2/ricker_only_8_exact_general_dataset_alignment_v1/data_real/backend_numpy/regime_hidden/reward_safe/plus_adapted_ricker_only_pbvi/faithful_internal/manifest_row_resolved.json,ea3b2026f2b37a12ab1cfe281acc3ece3a3eecb33c7a9d1ac4c53025a80c317e,frozen_evaluator_seeded_by_registered_evaluation_seeds,69
4000,ricker:8,ricker_only_episode_bootstrap_map_1full_7bootstrap_v1,8,ricker,51116,safe,10a064344e07cac16a7b2d5bd717bdce109c8970148de4295d6ff3532297fa68,plus_three_species_matched_p10_v1,registered_b41_c9_o41,regime,160,adapted_mechanistic_v2,evaluation/regime_hidden/crab_eating_fox/regime/sigma_0p1/plus_three_species_matched_p10_v1/data_real/backend_numpy/regime_hidden/reward_safe/plus_adapted_ricker_only_pbvi/faithful_internal/faithful_artifacts,hidden,faithful_internal,registered_s8_i100_m16,True,verified_reward_independent_fit_reuse_v1,regime_hidden/reward_safe/crab_eating_fox/regime/sigma_0p1,reused,fit_receipts/regime_hidden/reward_safe/crab_eating_fox/regime/sigma_0p1/plus_adapted_ricker_only_pbvi/fit_receipt.json,14,plus_adapted_ricker_only_pbvi,plus_adapted_ricker_only_pbvi_v1,0,11,lognormal_conditional_mean_v1,0,pbvi,Crab-eating fox,uniform,True,not_applicable,not_applicable,none_structural_v1,summary_json_and_return_fields_sealed_until_acceptance,8,safe,planner_evaluator_only,three_species_ecological_p10_correction_v1,plan_evaluate,7628816c85a39d49373892a0e72d1751de2f0a32dd003b93a54ca1f3e151982c,0.1,4000,10.0,general_rl_safe_p10_v1,7001;7051;7101;7151;7201,20,4,50,5,0.95,0.95,deterministic_population_N0,b94dc4d7556acdfa3abc8c2b4ee21d7dfdedff30a95fcf8e587cb73e7deb26b3,9c46bd6d9c169ebdd67809bad29ce8bfa74f81f3a30e21ff757623e19a1ecaa6,d6d52fc2221b14d9b38ec789fb098daad998654d7e8debfeec1005647f14cb02,474d1a65d2e5ec28c741f5b7ac5691be891712e753ee6a9a6590337d62f5f0c4,184;185;186;187,116,/fs04/scratch2/ce25/Claude_DeepRL_Population_Models/real_ecology_runs/ricker_only_plus_72_20260720/production/evaluation/regime_hidden/crab_eating_fox/regime/sigma_0p1/ricker_only_8_v1/data_real/backend_numpy/regime_hidden/reward_safe/plus_adapted_ricker_only_pbvi/faithful_internal/manifest_row_resolved.json,f25fd36cb22a0d1462c1a9c03bd9fa32fa6ea6ce5d0f0359823bc2869d1e8f07,,
4000,ricker:8,ricker_only_episode_bootstrap_map_1full_7bootstrap_v1,8,ricker,51116,safe,10a064344e07cac16a7b2d5bd717bdce109c8970148de4295d6ff3532297fa68,plus_three_species_matched_p10_v1,registered_b41_c9_o41,regime,160,adapted_mechanistic_v2,evaluation/regime_hidden/crab_eating_fox/regime/sigma_0p2/plus_three_species_matched_p10_v1/data_real/backend_numpy/regime_hidden/reward_safe/plus_adapted_ricker_only_pbvi/faithful_internal/faithful_artifacts,hidden,faithful_internal,registered_s8_i100_m16,True,verified_reward_independent_fit_reuse_v1,regime_hidden/reward_safe/crab_eating_fox/regime/sigma_0p2,reused,fit_receipts/regime_hidden/reward_safe/crab_eating_fox/regime/sigma_0p2/plus_adapted_ricker_only_pbvi/fit_receipt.json,15,plus_adapted_ricker_only_pbvi,plus_adapted_ricker_only_pbvi_v1,0,11,lognormal_conditional_mean_v1,0,pbvi,Crab-eating fox,uniform,True,not_applicable,not_applicable,none_structural_v1,summary_json_and_return_fields_sealed_until_acceptance,8,safe,planner_evaluator_only,three_species_ecological_p10_correction_v1,plan_evaluate,7628816c85a39d49373892a0e72d1751de2f0a32dd003b93a54ca1f3e151982c,0.2,4000,10.0,general_rl_safe_p10_v1,7001;7051;7101;7151;7201,20,4,50,5,0.95,0.95,deterministic_population_N0,f1ed95af136617037e389f96fffb99328be177e1a8c39bb1347f0a2c3eb8391a,5b27a75c0dbf85e4763d9b40f4c7b8431fc0162dba5fabb35582e1171010ea17,46a81f51b1e4ba75a8b5a98e70ca94649c0175c1d8ab61f9a3017af02653dc4e,474d1a65d2e5ec28c741f5b7ac5691be891712e753ee6a9a6590337d62f5f0c4,188;189;190;191,116,/fs04/scratch2/ce25/Claude_DeepRL_Population_Models/real_ecology_runs/ricker_only_plus_72_20260720/production/evaluation/regime_hidden/crab_eating_fox/regime/sigma_0p2/ricker_only_8_v1/data_real/backend_numpy/regime_hidden/reward_safe/plus_adapted_ricker_only_pbvi/faithful_internal/manifest_row_resolved.json,3baaec22dca797f4ff9897e9c67671d4e5cab91c6dc59c7370966a912308d1a3,,
4000,ricker:8,ricker_only_episode_bootstrap_map_1full_7bootstrap_v1,8,ricker,51116,safe,10a064344e07cac16a7b2d5bd717bdce109c8970148de4295d6ff3532297fa68,plus_three_species_matched_p10_v1,registered_b41_c9_o41,ricker,160,adapted_mechanistic_v2,evaluation/regime_hidden/egyptian_vulture/ricker/sigma_0p1/plus_three_species_matched_p10_v1/data_real/backend_numpy/regime_hidden/reward_safe/plus_adapted_ricker_only_pbvi/faithful_internal/faithful_artifacts,hidden,faithful_internal,registered_s8_i100_m16,True,verified_reward_independent_fit_reuse_v1,regime_hidden/reward_safe/egyptian_vulture/ricker/sigma_0p1,reused,fit_receipts/regime_hidden/reward_safe/egyptian_vulture/ricker/sigma_0p1/plus_adapted_ricker_only_pbvi/fit_receipt.json,16,plus_adapted_ricker_only_pbvi,plus_adapted_ricker_only_pbvi_v1,0,11,lognormal_conditional_mean_v1,0,pbvi,Egyptian vulture,uniform,False,not_applicable,not_applicable,none_structural_v1,summary_json_and_return_fields_sealed_until_acceptance,8,safe,planner_evaluator_only,three_species_ecological_p10_correction_v1,plan_evaluate,7628816c85a39d49373892a0e72d1751de2f0a32dd003b93a54ca1f3e151982c,0.1,4000,10.0,general_rl_safe_p10_v1,7001;7051;7101;7151;7201,20,4,50,5,0.95,0.95,deterministic_population_N0,c69837c29e7e8b18835176d5c623b5a11f71095557ae0f148a73caf3609b9a58,c914a7b119397c01a14549d79815bcd0e092c9ebe1482988dd48654578e982ed,0bc07bf333463da3b46c41422559b9b8f52655ca5ced996cd6c44a87be2dc3fc,474d1a65d2e5ec28c741f5b7ac5691be891712e753ee6a9a6590337d62f5f0c4,0;1;2;3,116,/fs04/scratch2/ce25/Claude_DeepRL_Population_Models/real_ecology_runs/ricker_only_plus_72_20260720/production/evaluation/regime_hidden/egyptian_vulture/ricker/sigma_0p1/ricker_only_8_v1/data_real/backend_numpy/regime_hidden/reward_safe/plus_adapted_ricker_only_pbvi/faithful_internal/manifest_row_resolved.json,d4669f4224e0c7e65e407927cee8dbc50fea6d77c7044b5d82bb4151ccb40f48,,
4000,ricker:8,ricker_only_episode_bootstrap_map_1full_7bootstrap_v1,8,ricker,51116,safe,10a064344e07cac16a7b2d5bd717bdce109c8970148de4295d6ff3532297fa68,plus_three_species_matched_p10_v1,registered_b41_c9_o41,ricker,160,adapted_mechanistic_v2,evaluation/regime_hidden/egyptian_vulture/ricker/sigma_0p2/plus_three_species_matched_p10_v1/data_real/backend_numpy/regime_hidden/reward_safe/plus_adapted_ricker_only_pbvi/faithful_internal/faithful_artifacts,hidden,faithful_internal,registered_s8_i100_m16,True,verified_reward_independent_fit_reuse_v1,regime_hidden/reward_safe/egyptian_vulture/ricker/sigma_0p2,reused,fit_receipts/regime_hidden/reward_safe/egyptian_vulture/ricker/sigma_0p2/plus_adapted_ricker_only_pbvi/fit_receipt.json,17,plus_adapted_ricker_only_pbvi,plus_adapted_ricker_only_pbvi_v1,0,11,lognormal_conditional_mean_v1,0,pbvi,Egyptian vulture,uniform,False,not_applicable,not_applicable,none_structural_v1,summary_json_and_return_fields_sealed_until_acceptance,8,safe,planner_evaluator_only,three_species_ecological_p10_correction_v1,plan_evaluate,7628816c85a39d49373892a0e72d1751de2f0a32dd003b93a54ca1f3e151982c,0.2,4000,10.0,general_rl_safe_p10_v1,7001;7051;7101;7151;7201,20,4,50,5,0.95,0.95,deterministic_population_N0,8b70bd2152e2926c53d35abd0d5ea1fa8eb665d9a4b2e57aa1e1ca02a4485523,910d37f230a26a242c08e2542b91c6894636ed60459593a5b33e22780440247d,1779739607aedc98660de04694b6456c529782e94aa98aebc82d597a00e18d96,474d1a65d2e5ec28c741f5b7ac5691be891712e753ee6a9a6590337d62f5f0c4,4;5;6;7,116,/fs04/scratch2/ce25/Claude_DeepRL_Population_Models/real_ecology_runs/ricker_only_plus_72_20260720/production/evaluation/regime_hidden/egyptian_vulture/ricker/sigma_0p2/ricker_only_8_v1/data_real/backend_numpy/regime_hidden/reward_safe/plus_adapted_ricker_only_pbvi/faithful_internal/manifest_row_resolved.json,73d22369ba04b00b7d3eb906240727b0d734343bd0384e03747e48915cba6580,,
4000,ricker:8,ricker_only_episode_bootstrap_map_1full_7bootstrap_v1,8,ricker,51116,safe,10a064344e07cac16a7b2d5bd717bdce109c8970148de4295d6ff3532297fa68,plus_three_species_matched_p10_v1,registered_b41_c9_o41,allee,160,adapted_mechanistic_v2,evaluation/regime_hidden/egyptian_vulture/allee/sigma_0p1/plus_three_species_matched_p10_v1/data_real/backend_numpy/regime_hidden/reward_safe/plus_adapted_ricker_only_pbvi/faithful_internal/faithful_artifacts,hidden,faithful_internal,registered_s8_i100_m16,True,verified_reward_independent_fit_reuse_v1,regime_hidden/reward_safe/egyptian_vulture/allee/sigma_0p1,reused,fit_receipts/regime_hidden/reward_safe/egyptian_vulture/allee/sigma_0p1/plus_adapted_ricker_only_pbvi/fit_receipt.json,18,plus_adapted_ricker_only_pbvi,plus_adapted_ricker_only_pbvi_v1,0,11,lognormal_conditional_mean_v1,0,pbvi,Egyptian vulture,uniform,False,not_applicable,not_applicable,none_structural_v1,summary_json_and_return_fields_sealed_until_acceptance,8,safe,planner_evaluator_only,three_species_ecological_p10_correction_v1,plan_evaluate,7628816c85a39d49373892a0e72d1751de2f0a32dd003b93a54ca1f3e151982c,0.1,4000,10.0,general_rl_safe_p10_v1,7001;7051;7101;7151;7201,20,4,50,5,0.95,0.95,deterministic_population_N0,c69837c29e7e8b18835176d5c623b5a11f71095557ae0f148a73caf3609b9a58,c914a7b119397c01a14549d79815bcd0e092c9ebe1482988dd48654578e982ed,f39885ace9850e28dc78285e03e06bd2e972ea49fb4b317ad1e2d14b68b43021,474d1a65d2e5ec28c741f5b7ac5691be891712e753ee6a9a6590337d62f5f0c4,8;9;10;11,116,/fs04/scratch2/ce25/Claude_DeepRL_Population_Models/real_ecology_runs/ricker_only_plus_72_20260720/production/evaluation/regime_hidden/egyptian_vulture/allee/sigma_0p1/ricker_only_8_v1/data_real/backend_numpy/regime_hidden/reward_safe/plus_adapted_ricker_only_pbvi/faithful_internal/manifest_row_resolved.json,26f1c6df905c558803a97c088f91e5e6e8dd78adb7cb4ea91925c060c2b52fb6,,
4000,ricker:8,ricker_only_episode_bootstrap_map_1full_7bootstrap_v1,8,ricker,51116,safe,10a064344e07cac16a7b2d5bd717bdce109c8970148de4295d6ff3532297fa68,plus_three_species_matched_p10_v1,registered_b41_c9_o41,allee,160,adapted_mechanistic_v2,evaluation/regime_hidden/egyptian_vulture/allee/sigma_0p2/plus_three_species_matched_p10_v1/data_real/backend_numpy/regime_hidden/reward_safe/plus_adapted_ricker_only_pbvi/faithful_internal/faithful_artifacts,hidden,faithful_internal,registered_s8_i100_m16,True,verified_reward_independent_fit_reuse_v1,regime_hidden/reward_safe/egyptian_vulture/allee/sigma_0p2,reused,fit_receipts/regime_hidden/reward_safe/egyptian_vulture/allee/sigma_0p2/plus_adapted_ricker_only_pbvi/fit_receipt.json,19,plus_adapted_ricker_only_pbvi,plus_adapted_ricker_only_pbvi_v1,0,11,lognormal_conditional_mean_v1,0,pbvi,Egyptian vulture,uniform,False,not_applicable,not_applicable,none_structural_v1,summary_json_and_return_fields_sealed_until_acceptance,8,safe,planner_evaluator_only,three_species_ecological_p10_correction_v1,plan_evaluate,7628816c85a39d49373892a0e72d1751de2f0a32dd003b93a54ca1f3e151982c,0.2,4000,10.0,general_rl_safe_p10_v1,7001;7051;7101;7151;7201,20,4,50,5,0.95,0.95,deterministic_population_N0,8b70bd2152e2926c53d35abd0d5ea1fa8eb665d9a4b2e57aa1e1ca02a4485523,910d37f230a26a242c08e2542b91c6894636ed60459593a5b33e22780440247d,723dbc35b8e979204303fe3e1713a0191ca4b1c4bc772538a9a661ddf5668823,474d1a65d2e5ec28c741f5b7ac5691be891712e753ee6a9a6590337d62f5f0c4,12;13;14;15,116,/fs04/scratch2/ce25/Claude_DeepRL_Population_Models/real_ecology_runs/ricker_only_plus_72_20260720/production/evaluation/regime_hidden/egyptian_vulture/allee/sigma_0p2/ricker_only_8_v1/data_real/backend_numpy/regime_hidden/reward_safe/plus_adapted_ricker_only_pbvi/faithful_internal/manifest_row_resolved.json,d10c5fdd46af5ecee46b66a2884b910d2350b8529321dd46b45101ae386fb827,,
4000,ricker:8,ricker_only_episode_bootstrap_map_1full_7bootstrap_v1,8,ricker,51116,safe,10a064344e07cac16a7b2d5bd717bdce109c8970148de4295d6ff3532297fa68,plus_three_species_matched_p10_v1,registered_b41_c9_o41,theta,160,adapted_mechanistic_v2,evaluation/regime_hidden/egyptian_vulture/theta/sigma_0p1/plus_three_species_matched_p10_v1/data_real/backend_numpy/regime_hidden/reward_safe/plus_adapted_ricker_only_pbvi/faithful_internal/faithful_artifacts,hidden,faithful_internal,registered_s8_i100_m16,True,verified_reward_independent_fit_reuse_v1,regime_hidden/reward_safe/egyptian_vulture/theta/sigma_0p1,reused,fit_receipts/regime_hidden/reward_safe/egyptian_vulture/theta/sigma_0p1/plus_adapted_ricker_only_pbvi/fit_receipt.json,20,plus_adapted_ricker_only_pbvi,plus_adapted_ricker_only_pbvi_v1,0,11,lognormal_conditional_mean_v1,0,pbvi,Egyptian vulture,uniform,False,not_applicable,not_applicable,none_structural_v1,summary_json_and_return_fields_sealed_until_acceptance,8,safe,planner_evaluator_only,three_species_ecological_p10_correction_v1,plan_evaluate,7628816c85a39d49373892a0e72d1751de2f0a32dd003b93a54ca1f3e151982c,0.1,4000,10.0,general_rl_safe_p10_v1,7001;7051;7101;7151;7201,20,4,50,5,0.95,0.95,deterministic_population_N0,70192fdb200123d2cdc1ac8672bcf39367024e95b24b9560fc101caf5fcc3c32,6353441e82cf6a2e76d2eee54b00542170b5d8fcf3987a36321298d6ad9aaa5c,c185db3aed45c2564ced7a620dde9dc09c7df7ca34486adff8503a7052d3e582,474d1a65d2e5ec28c741f5b7ac5691be891712e753ee6a9a6590337d62f5f0c4,16;17;18;19,116,/fs04/scratch2/ce25/Claude_DeepRL_Population_Models/real_ecology_runs/ricker_only_plus_72_20260720/production/evaluation/regime_hidden/egyptian_vulture/theta/sigma_0p1/ricker_only_8_v1/data_real/backend_numpy/regime_hidden/reward_safe/plus_adapted_ricker_only_pbvi/faithful_internal/manifest_row_resolved.json,6134bdad96d586f138c7ee6b323a4915b561d7af22c2d318c8502ea42469dc74,,
4000,ricker:8,ricker_only_episode_bootstrap_map_1full_7bootstrap_v1,8,ricker,51116,safe,10a064344e07cac16a7b2d5bd717bdce109c8970148de4295d6ff3532297fa68,plus_three_species_matched_p10_v1,registered_b41_c9_o41,theta,160,adapted_mechanistic_v2,evaluation/regime_hidden/egyptian_vulture/theta/sigma_0p2/plus_three_species_matched_p10_v1/data_real/backend_numpy/regime_hidden/reward_safe/plus_adapted_ricker_only_pbvi/faithful_internal/faithful_artifacts,hidden,faithful_internal,registered_s8_i100_m16,True,verified_reward_independent_fit_reuse_v1,regime_hidden/reward_safe/egyptian_vulture/theta/sigma_0p2,reused,fit_receipts/regime_hidden/reward_safe/egyptian_vulture/theta/sigma_0p2/plus_adapted_ricker_only_pbvi/fit_receipt.json,21,plus_adapted_ricker_only_pbvi,plus_adapted_ricker_only_pbvi_v1,0,11,lognormal_conditional_mean_v1,0,pbvi,Egyptian vulture,uniform,False,not_applicable,not_applicable,none_structural_v1,summary_json_and_return_fields_sealed_until_acceptance,8,safe,planner_evaluator_only,three_species_ecological_p10_correction_v1,plan_evaluate,7628816c85a39d49373892a0e72d1751de2f0a32dd003b93a54ca1f3e151982c,0.2,4000,10.0,general_rl_safe_p10_v1,7001;7051;7101;7151;7201,20,4,50,5,0.95,0.95,deterministic_population_N0,eaf5c82743bedaac1fa4a8d7cc2fee2439f3084f5e7137730ec5ef2dda82f71f,fba1c9bcbc98608a87fd9208d15721ed881daadcf7b870f4d8d7a4046ca393e1,2064737bc5f2bdfa4127893d09475d60cf20d391dc7cf741a99c8aea76fd45bf,474d1a65d2e5ec28c741f5b7ac5691be891712e753ee6a9a6590337d62f5f0c4,20;21;22;23,116,/fs04/scratch2/ce25/Claude_DeepRL_Population_Models/real_ecology_runs/ricker_only_plus_72_20260720/production/evaluation/regime_hidden/egyptian_vulture/theta/sigma_0p2/ricker_only_8_v1/data_real/backend_numpy/regime_hidden/reward_safe/plus_adapted_ricker_only_pbvi/faithful_internal/manifest_row_resolved.json,a662fcd9b366c492140e8ef1dd30b5fb2495f07ddab8154661fabef5bb773f61,,
4000,ricker:8,ricker_only_episode_bootstrap_map_1full_7bootstrap_v1,8,ricker,51116,safe,10a064344e07cac16a7b2d5bd717bdce109c8970148de4295d6ff3532297fa68,plus_three_species_matched_p10_v1,registered_b41_c9_o41,regime,160,adapted_mechanistic_v2,evaluation/regime_hidden/egyptian_vulture/regime/sigma_0p1/plus_three_species_matched_p10_v1/data_real/backend_numpy/regime_hidden/reward_safe/plus_adapted_ricker_only_pbvi/faithful_internal/faithful_artifacts,hidden,faithful_internal,registered_s8_i100_m16,True,verified_reward_independent_fit_reuse_v1,regime_hidden/reward_safe/egyptian_vulture/regime/sigma_0p1,reused,fit_receipts/regime_hidden/reward_safe/egyptian_vulture/regime/sigma_0p1/plus_adapted_ricker_only_pbvi/fit_receipt.json,22,plus_adapted_ricker_only_pbvi,plus_adapted_ricker_only_pbvi_v1,0,11,lognormal_conditional_mean_v1,0,pbvi,Egyptian vulture,uniform,False,not_applicable,not_applicable,none_structural_v1,summary_json_and_return_fields_sealed_until_acceptance,8,safe,planner_evaluator_only,three_species_ecological_p10_correction_v1,plan_evaluate,7628816c85a39d49373892a0e72d1751de2f0a32dd003b93a54ca1f3e151982c,0.1,4000,10.0,general_rl_safe_p10_v1,7001;7051;7101;7151;7201,20,4,50,5,0.95,0.95,deterministic_population_N0,c69837c29e7e8b18835176d5c623b5a11f71095557ae0f148a73caf3609b9a58,c914a7b119397c01a14549d79815bcd0e092c9ebe1482988dd48654578e982ed,c0a6cbbdc23d009f0ce6fd7016b9431c6b73ce34fff23da95225bbb85e6ffb32,474d1a65d2e5ec28c741f5b7ac5691be891712e753ee6a9a6590337d62f5f0c4,24;25;26;27,116,/fs04/scratch2/ce25/Claude_DeepRL_Population_Models/real_ecology_runs/ricker_only_plus_72_20260720/production/evaluation/regime_hidden/egyptian_vulture/regime/sigma_0p1/ricker_only_8_v1/data_real/backend_numpy/regime_hidden/reward_safe/plus_adapted_ricker_only_pbvi/faithful_internal/manifest_row_resolved.json,3d2dbe06dcb6732be09df009aa73594469e305be57539eaca5842ebed87fc93d,,
4000,ricker:8,ricker_only_episode_bootstrap_map_1full_7bootstrap_v1,8,ricker,51116,safe,10a064344e07cac16a7b2d5bd717bdce109c8970148de4295d6ff3532297fa68,plus_three_species_matched_p10_v1,registered_b41_c9_o41,regime,160,adapted_mechanistic_v2,evaluation/regime_hidden/egyptian_vulture/regime/sigma_0p2/plus_three_species_matched_p10_v1/data_real/backend_numpy/regime_hidden/reward_safe/plus_adapted_ricker_only_pbvi/faithful_internal/faithful_artifacts,hidden,faithful_internal,registered_s8_i100_m16,True,verified_reward_independent_fit_reuse_v1,regime_hidden/reward_safe/egyptian_vulture/regime/sigma_0p2,reused,fit_receipts/regime_hidden/reward_safe/egyptian_vulture/regime/sigma_0p2/plus_adapted_ricker_only_pbvi/fit_receipt.json,23,plus_adapted_ricker_only_pbvi,plus_adapted_ricker_only_pbvi_v1,0,11,lognormal_conditional_mean_v1,0,pbvi,Egyptian vulture,uniform,False,not_applicable,not_applicable,none_structural_v1,summary_json_and_return_fields_sealed_until_acceptance,8,safe,planner_evaluator_only,three_species_ecological_p10_correction_v1,plan_evaluate,7628816c85a39d49373892a0e72d1751de2f0a32dd003b93a54ca1f3e151982c,0.2,4000,10.0,general_rl_safe_p10_v1,7001;7051;7101;7151;7201,20,4,50,5,0.95,0.95,deterministic_population_N0,8b70bd2152e2926c53d35abd0d5ea1fa8eb665d9a4b2e57aa1e1ca02a4485523,910d37f230a26a242c08e2542b91c6894636ed60459593a5b33e22780440247d,5471bae11383f3e59f7336710ee6d1d04e99517842db2fbe751aabbdadb941c8,474d1a65d2e5ec28c741f5b7ac5691be891712e753ee6a9a6590337d62f5f0c4,28;29;30;31,116,/fs04/scratch2/ce25/Claude_DeepRL_Population_Models/real_ecology_runs/ricker_only_plus_72_20260720/production/evaluation/regime_hidden/egyptian_vulture/regime/sigma_0p2/ricker_only_8_v1/data_real/backend_numpy/regime_hidden/reward_safe/plus_adapted_ricker_only_pbvi/faithful_internal/manifest_row_resolved.json,a57355493528b0ee4aaf1d64d7e8114e78b64dccdef1b6fa10fb92069439b2c5,,
