population,environment,sigma_obs,reward_mode,method,dataset_sha256,source
Amur tiger,ricker,0.1,safe,refplan,2cc7611c7bbcb6f72cbda49db73cfc24bde41b297564581dc90a5f60cf3c0d85,accepted frozen general-RL P=10
Amur tiger,ricker,0.1,safe,ogsrl,2cc7611c7bbcb6f72cbda49db73cfc24bde41b297564581dc90a5f60cf3c0d85,accepted frozen general-RL P=10
Amur tiger,ricker,0.1,safe,bamcts,2cc7611c7bbcb6f72cbda49db73cfc24bde41b297564581dc90a5f60cf3c0d85,accepted frozen general-RL P=10
Amur tiger,ricker,0.1,safe,ensemble_value_disagreement_pessimism,2cc7611c7bbcb6f72cbda49db73cfc24bde41b297564581dc90a5f60cf3c0d85,accepted frozen general-RL P=10
Amur tiger,ricker,0.1,safe,plus_adapted_ricker_only_pbvi,2cc7611c7bbcb6f72cbda49db73cfc24bde41b297564581dc90a5f60cf3c0d85,accepted P=10 ecological correction
Amur tiger,ricker,0.1,safe,moor_adapted_ricker_misspec_pbvi,2cc7611c7bbcb6f72cbda49db73cfc24bde41b297564581dc90a5f60cf3c0d85,accepted P=10 ecological correction
Amur tiger,ricker,0.2,safe,refplan,04f38e874ce0f95cdf69acfdd639b511c1c828972dd7e043193c751609768080,accepted frozen general-RL P=10
Amur tiger,ricker,0.2,safe,ogsrl,04f38e874ce0f95cdf69acfdd639b511c1c828972dd7e043193c751609768080,accepted frozen general-RL P=10
Amur tiger,ricker,0.2,safe,bamcts,04f38e874ce0f95cdf69acfdd639b511c1c828972dd7e043193c751609768080,accepted frozen general-RL P=10
Amur tiger,ricker,0.2,safe,ensemble_value_disagreement_pessimism,04f38e874ce0f95cdf69acfdd639b511c1c828972dd7e043193c751609768080,accepted frozen general-RL P=10
Amur tiger,ricker,0.2,safe,plus_adapted_ricker_only_pbvi,04f38e874ce0f95cdf69acfdd639b511c1c828972dd7e043193c751609768080,accepted P=10 ecological correction
Amur tiger,ricker,0.2,safe,moor_adapted_ricker_misspec_pbvi,04f38e874ce0f95cdf69acfdd639b511c1c828972dd7e043193c751609768080,accepted P=10 ecological correction
Amur tiger,allee,0.1,safe,refplan,a408ee1968a695414be8bf3bfdbd0f87ee60588e2b6fa68872593ecb25f07059,accepted frozen general-RL P=10
Amur tiger,allee,0.1,safe,ogsrl,a408ee1968a695414be8bf3bfdbd0f87ee60588e2b6fa68872593ecb25f07059,accepted frozen general-RL P=10
Amur tiger,allee,0.1,safe,bamcts,a408ee1968a695414be8bf3bfdbd0f87ee60588e2b6fa68872593ecb25f07059,accepted frozen general-RL P=10
Amur tiger,allee,0.1,safe,ensemble_value_disagreement_pessimism,a408ee1968a695414be8bf3bfdbd0f87ee60588e2b6fa68872593ecb25f07059,accepted frozen general-RL P=10
Amur tiger,allee,0.1,safe,plus_adapted_ricker_only_pbvi,a408ee1968a695414be8bf3bfdbd0f87ee60588e2b6fa68872593ecb25f07059,accepted P=10 ecological correction
Amur tiger,allee,0.1,safe,moor_adapted_ricker_misspec_pbvi,a408ee1968a695414be8bf3bfdbd0f87ee60588e2b6fa68872593ecb25f07059,accepted P=10 ecological correction
Amur tiger,allee,0.2,safe,refplan,7e71172af4bc95b2c31291414af53371c1ea94393e01675d269b2b7c360324c9,accepted frozen general-RL P=10
Amur tiger,allee,0.2,safe,ogsrl,7e71172af4bc95b2c31291414af53371c1ea94393e01675d269b2b7c360324c9,accepted frozen general-RL P=10
Amur tiger,allee,0.2,safe,bamcts,7e71172af4bc95b2c31291414af53371c1ea94393e01675d269b2b7c360324c9,accepted frozen general-RL P=10
Amur tiger,allee,0.2,safe,ensemble_value_disagreement_pessimism,7e71172af4bc95b2c31291414af53371c1ea94393e01675d269b2b7c360324c9,accepted frozen general-RL P=10
Amur tiger,allee,0.2,safe,plus_adapted_ricker_only_pbvi,7e71172af4bc95b2c31291414af53371c1ea94393e01675d269b2b7c360324c9,accepted P=10 ecological correction
Amur tiger,allee,0.2,safe,moor_adapted_ricker_misspec_pbvi,7e71172af4bc95b2c31291414af53371c1ea94393e01675d269b2b7c360324c9,accepted P=10 ecological correction
Amur tiger,theta,0.1,safe,refplan,31cb9899650536ca89f70c8a1eadcb6de98a2a1a58205ecc8c9ab9bcad4c8063,accepted frozen general-RL P=10
Amur tiger,theta,0.1,safe,ogsrl,31cb9899650536ca89f70c8a1eadcb6de98a2a1a58205ecc8c9ab9bcad4c8063,accepted frozen general-RL P=10
Amur tiger,theta,0.1,safe,bamcts,31cb9899650536ca89f70c8a1eadcb6de98a2a1a58205ecc8c9ab9bcad4c8063,accepted frozen general-RL P=10
Amur tiger,theta,0.1,safe,ensemble_value_disagreement_pessimism,31cb9899650536ca89f70c8a1eadcb6de98a2a1a58205ecc8c9ab9bcad4c8063,accepted frozen general-RL P=10
Amur tiger,theta,0.1,safe,plus_adapted_ricker_only_pbvi,31cb9899650536ca89f70c8a1eadcb6de98a2a1a58205ecc8c9ab9bcad4c8063,accepted P=10 ecological correction
Amur tiger,theta,0.1,safe,moor_adapted_ricker_misspec_pbvi,31cb9899650536ca89f70c8a1eadcb6de98a2a1a58205ecc8c9ab9bcad4c8063,accepted P=10 ecological correction
Amur tiger,theta,0.2,safe,refplan,bd0f16b38f821b0376003c505545bd4cf7fd33382656df88ab18f1e3438ab651,accepted frozen general-RL P=10
Amur tiger,theta,0.2,safe,ogsrl,bd0f16b38f821b0376003c505545bd4cf7fd33382656df88ab18f1e3438ab651,accepted frozen general-RL P=10
Amur tiger,theta,0.2,safe,bamcts,bd0f16b38f821b0376003c505545bd4cf7fd33382656df88ab18f1e3438ab651,accepted frozen general-RL P=10
Amur tiger,theta,0.2,safe,ensemble_value_disagreement_pessimism,bd0f16b38f821b0376003c505545bd4cf7fd33382656df88ab18f1e3438ab651,accepted frozen general-RL P=10
Amur tiger,theta,0.2,safe,plus_adapted_ricker_only_pbvi,bd0f16b38f821b0376003c505545bd4cf7fd33382656df88ab18f1e3438ab651,accepted P=10 ecological correction
Amur tiger,theta,0.2,safe,moor_adapted_ricker_misspec_pbvi,bd0f16b38f821b0376003c505545bd4cf7fd33382656df88ab18f1e3438ab651,accepted P=10 ecological correction
Amur tiger,regime,0.1,safe,refplan,e65ebec4cf71e20c1ae4e015fd0f15c2f9e6606d4e0affab024b9c71c2a140da,accepted frozen general-RL P=10
Amur tiger,regime,0.1,safe,ogsrl,e65ebec4cf71e20c1ae4e015fd0f15c2f9e6606d4e0affab024b9c71c2a140da,accepted frozen general-RL P=10
Amur tiger,regime,0.1,safe,bamcts,e65ebec4cf71e20c1ae4e015fd0f15c2f9e6606d4e0affab024b9c71c2a140da,accepted frozen general-RL P=10
Amur tiger,regime,0.1,safe,ensemble_value_disagreement_pessimism,e65ebec4cf71e20c1ae4e015fd0f15c2f9e6606d4e0affab024b9c71c2a140da,accepted frozen general-RL P=10
Amur tiger,regime,0.1,safe,plus_adapted_ricker_only_pbvi,e65ebec4cf71e20c1ae4e015fd0f15c2f9e6606d4e0affab024b9c71c2a140da,accepted P=10 ecological correction
Amur tiger,regime,0.1,safe,moor_adapted_ricker_misspec_pbvi,e65ebec4cf71e20c1ae4e015fd0f15c2f9e6606d4e0affab024b9c71c2a140da,accepted P=10 ecological correction
Amur tiger,regime,0.2,safe,refplan,fb5f4a13e403816de4b46fdab8ac62c2ac8c02518c5366bf57131e688f28b351,accepted frozen general-RL P=10
Amur tiger,regime,0.2,safe,ogsrl,fb5f4a13e403816de4b46fdab8ac62c2ac8c02518c5366bf57131e688f28b351,accepted frozen general-RL P=10
Amur tiger,regime,0.2,safe,bamcts,fb5f4a13e403816de4b46fdab8ac62c2ac8c02518c5366bf57131e688f28b351,accepted frozen general-RL P=10
Amur tiger,regime,0.2,safe,ensemble_value_disagreement_pessimism,fb5f4a13e403816de4b46fdab8ac62c2ac8c02518c5366bf57131e688f28b351,accepted frozen general-RL P=10
Amur tiger,regime,0.2,safe,plus_adapted_ricker_only_pbvi,fb5f4a13e403816de4b46fdab8ac62c2ac8c02518c5366bf57131e688f28b351,accepted P=10 ecological correction
Amur tiger,regime,0.2,safe,moor_adapted_ricker_misspec_pbvi,fb5f4a13e403816de4b46fdab8ac62c2ac8c02518c5366bf57131e688f28b351,accepted P=10 ecological correction
Crab-eating fox,ricker,0.1,safe,refplan,8c302e49638bc20b97331a7085452482bf5d76eddd38a78f1afc476501f9fe25,accepted frozen general-RL P=10
Crab-eating fox,ricker,0.1,safe,ogsrl,8c302e49638bc20b97331a7085452482bf5d76eddd38a78f1afc476501f9fe25,accepted frozen general-RL P=10
Crab-eating fox,ricker,0.1,safe,bamcts,8c302e49638bc20b97331a7085452482bf5d76eddd38a78f1afc476501f9fe25,accepted frozen general-RL P=10
Crab-eating fox,ricker,0.1,safe,ensemble_value_disagreement_pessimism,8c302e49638bc20b97331a7085452482bf5d76eddd38a78f1afc476501f9fe25,accepted frozen general-RL P=10
Crab-eating fox,ricker,0.1,safe,plus_adapted_ricker_only_pbvi,8c302e49638bc20b97331a7085452482bf5d76eddd38a78f1afc476501f9fe25,accepted P=10 ecological correction
Crab-eating fox,ricker,0.1,safe,moor_adapted_ricker_misspec_pbvi,8c302e49638bc20b97331a7085452482bf5d76eddd38a78f1afc476501f9fe25,accepted P=10 ecological correction
Crab-eating fox,ricker,0.2,safe,refplan,17c930ccd749ed236030de1a4eeff58925679c2d53fe6a96e697c839f849d481,accepted frozen general-RL P=10
Crab-eating fox,ricker,0.2,safe,ogsrl,17c930ccd749ed236030de1a4eeff58925679c2d53fe6a96e697c839f849d481,accepted frozen general-RL P=10
Crab-eating fox,ricker,0.2,safe,bamcts,17c930ccd749ed236030de1a4eeff58925679c2d53fe6a96e697c839f849d481,accepted frozen general-RL P=10
Crab-eating fox,ricker,0.2,safe,ensemble_value_disagreement_pessimism,17c930ccd749ed236030de1a4eeff58925679c2d53fe6a96e697c839f849d481,accepted frozen general-RL P=10
Crab-eating fox,ricker,0.2,safe,plus_adapted_ricker_only_pbvi,17c930ccd749ed236030de1a4eeff58925679c2d53fe6a96e697c839f849d481,accepted P=10 ecological correction
Crab-eating fox,ricker,0.2,safe,moor_adapted_ricker_misspec_pbvi,17c930ccd749ed236030de1a4eeff58925679c2d53fe6a96e697c839f849d481,accepted P=10 ecological correction
Crab-eating fox,allee,0.1,safe,refplan,03c94a3591060c072c613cf5ce36e8c966cc310f8afd397dc38b16f19e7122e9,accepted frozen general-RL P=10
Crab-eating fox,allee,0.1,safe,ogsrl,03c94a3591060c072c613cf5ce36e8c966cc310f8afd397dc38b16f19e7122e9,accepted frozen general-RL P=10
Crab-eating fox,allee,0.1,safe,bamcts,03c94a3591060c072c613cf5ce36e8c966cc310f8afd397dc38b16f19e7122e9,accepted frozen general-RL P=10
Crab-eating fox,allee,0.1,safe,ensemble_value_disagreement_pessimism,03c94a3591060c072c613cf5ce36e8c966cc310f8afd397dc38b16f19e7122e9,accepted frozen general-RL P=10
Crab-eating fox,allee,0.1,safe,plus_adapted_ricker_only_pbvi,03c94a3591060c072c613cf5ce36e8c966cc310f8afd397dc38b16f19e7122e9,accepted P=10 ecological correction
Crab-eating fox,allee,0.1,safe,moor_adapted_ricker_misspec_pbvi,03c94a3591060c072c613cf5ce36e8c966cc310f8afd397dc38b16f19e7122e9,accepted P=10 ecological correction
Crab-eating fox,allee,0.2,safe,refplan,688d580f1e47a61dcad9b8a6cb96f1d62835bfbd0b835554cf31c8ab8bdd0c13,accepted frozen general-RL P=10
Crab-eating fox,allee,0.2,safe,ogsrl,688d580f1e47a61dcad9b8a6cb96f1d62835bfbd0b835554cf31c8ab8bdd0c13,accepted frozen general-RL P=10
Crab-eating fox,allee,0.2,safe,bamcts,688d580f1e47a61dcad9b8a6cb96f1d62835bfbd0b835554cf31c8ab8bdd0c13,accepted frozen general-RL P=10
Crab-eating fox,allee,0.2,safe,ensemble_value_disagreement_pessimism,688d580f1e47a61dcad9b8a6cb96f1d62835bfbd0b835554cf31c8ab8bdd0c13,accepted frozen general-RL P=10
Crab-eating fox,allee,0.2,safe,plus_adapted_ricker_only_pbvi,688d580f1e47a61dcad9b8a6cb96f1d62835bfbd0b835554cf31c8ab8bdd0c13,accepted P=10 ecological correction
Crab-eating fox,allee,0.2,safe,moor_adapted_ricker_misspec_pbvi,688d580f1e47a61dcad9b8a6cb96f1d62835bfbd0b835554cf31c8ab8bdd0c13,accepted P=10 ecological correction
Crab-eating fox,theta,0.1,safe,refplan,b198aa7a5d3989a66be4a1fc8b4b299a0552fe287b6d2e192eb237e10f34bbc7,accepted frozen general-RL P=10
Crab-eating fox,theta,0.1,safe,ogsrl,b198aa7a5d3989a66be4a1fc8b4b299a0552fe287b6d2e192eb237e10f34bbc7,accepted frozen general-RL P=10
Crab-eating fox,theta,0.1,safe,bamcts,b198aa7a5d3989a66be4a1fc8b4b299a0552fe287b6d2e192eb237e10f34bbc7,accepted frozen general-RL P=10
Crab-eating fox,theta,0.1,safe,ensemble_value_disagreement_pessimism,b198aa7a5d3989a66be4a1fc8b4b299a0552fe287b6d2e192eb237e10f34bbc7,accepted frozen general-RL P=10
Crab-eating fox,theta,0.1,safe,plus_adapted_ricker_only_pbvi,b198aa7a5d3989a66be4a1fc8b4b299a0552fe287b6d2e192eb237e10f34bbc7,accepted P=10 ecological correction
Crab-eating fox,theta,0.1,safe,moor_adapted_ricker_misspec_pbvi,b198aa7a5d3989a66be4a1fc8b4b299a0552fe287b6d2e192eb237e10f34bbc7,accepted P=10 ecological correction
Crab-eating fox,theta,0.2,safe,refplan,684748d9f018313651ee689c7bc41cabcd6d8cf1cbc2b253646bef84b3937c20,accepted frozen general-RL P=10
Crab-eating fox,theta,0.2,safe,ogsrl,684748d9f018313651ee689c7bc41cabcd6d8cf1cbc2b253646bef84b3937c20,accepted frozen general-RL P=10
Crab-eating fox,theta,0.2,safe,bamcts,684748d9f018313651ee689c7bc41cabcd6d8cf1cbc2b253646bef84b3937c20,accepted frozen general-RL P=10
Crab-eating fox,theta,0.2,safe,ensemble_value_disagreement_pessimism,684748d9f018313651ee689c7bc41cabcd6d8cf1cbc2b253646bef84b3937c20,accepted frozen general-RL P=10
Crab-eating fox,theta,0.2,safe,plus_adapted_ricker_only_pbvi,684748d9f018313651ee689c7bc41cabcd6d8cf1cbc2b253646bef84b3937c20,accepted P=10 ecological correction
Crab-eating fox,theta,0.2,safe,moor_adapted_ricker_misspec_pbvi,684748d9f018313651ee689c7bc41cabcd6d8cf1cbc2b253646bef84b3937c20,accepted P=10 ecological correction
Crab-eating fox,regime,0.1,safe,refplan,b94dc4d7556acdfa3abc8c2b4ee21d7dfdedff30a95fcf8e587cb73e7deb26b3,accepted frozen general-RL P=10
Crab-eating fox,regime,0.1,safe,ogsrl,b94dc4d7556acdfa3abc8c2b4ee21d7dfdedff30a95fcf8e587cb73e7deb26b3,accepted frozen general-RL P=10
Crab-eating fox,regime,0.1,safe,bamcts,b94dc4d7556acdfa3abc8c2b4ee21d7dfdedff30a95fcf8e587cb73e7deb26b3,accepted frozen general-RL P=10
Crab-eating fox,regime,0.1,safe,ensemble_value_disagreement_pessimism,b94dc4d7556acdfa3abc8c2b4ee21d7dfdedff30a95fcf8e587cb73e7deb26b3,accepted frozen general-RL P=10
Crab-eating fox,regime,0.1,safe,plus_adapted_ricker_only_pbvi,b94dc4d7556acdfa3abc8c2b4ee21d7dfdedff30a95fcf8e587cb73e7deb26b3,accepted P=10 ecological correction
Crab-eating fox,regime,0.1,safe,moor_adapted_ricker_misspec_pbvi,b94dc4d7556acdfa3abc8c2b4ee21d7dfdedff30a95fcf8e587cb73e7deb26b3,accepted P=10 ecological correction
Crab-eating fox,regime,0.2,safe,refplan,f1ed95af136617037e389f96fffb99328be177e1a8c39bb1347f0a2c3eb8391a,accepted frozen general-RL P=10
Crab-eating fox,regime,0.2,safe,ogsrl,f1ed95af136617037e389f96fffb99328be177e1a8c39bb1347f0a2c3eb8391a,accepted frozen general-RL P=10
Crab-eating fox,regime,0.2,safe,bamcts,f1ed95af136617037e389f96fffb99328be177e1a8c39bb1347f0a2c3eb8391a,accepted frozen general-RL P=10
Crab-eating fox,regime,0.2,safe,ensemble_value_disagreement_pessimism,f1ed95af136617037e389f96fffb99328be177e1a8c39bb1347f0a2c3eb8391a,accepted frozen general-RL P=10
Crab-eating fox,regime,0.2,safe,plus_adapted_ricker_only_pbvi,f1ed95af136617037e389f96fffb99328be177e1a8c39bb1347f0a2c3eb8391a,accepted P=10 ecological correction
Crab-eating fox,regime,0.2,safe,moor_adapted_ricker_misspec_pbvi,f1ed95af136617037e389f96fffb99328be177e1a8c39bb1347f0a2c3eb8391a,accepted P=10 ecological correction
Egyptian vulture,ricker,0.1,safe,refplan,c69837c29e7e8b18835176d5c623b5a11f71095557ae0f148a73caf3609b9a58,accepted frozen general-RL P=10
Egyptian vulture,ricker,0.1,safe,ogsrl,c69837c29e7e8b18835176d5c623b5a11f71095557ae0f148a73caf3609b9a58,accepted frozen general-RL P=10
Egyptian vulture,ricker,0.1,safe,bamcts,c69837c29e7e8b18835176d5c623b5a11f71095557ae0f148a73caf3609b9a58,accepted frozen general-RL P=10
Egyptian vulture,ricker,0.1,safe,ensemble_value_disagreement_pessimism,c69837c29e7e8b18835176d5c623b5a11f71095557ae0f148a73caf3609b9a58,accepted frozen general-RL P=10
Egyptian vulture,ricker,0.1,safe,plus_adapted_ricker_only_pbvi,c69837c29e7e8b18835176d5c623b5a11f71095557ae0f148a73caf3609b9a58,accepted P=10 ecological correction
Egyptian vulture,ricker,0.1,safe,moor_adapted_ricker_misspec_pbvi,c69837c29e7e8b18835176d5c623b5a11f71095557ae0f148a73caf3609b9a58,accepted P=10 ecological correction
Egyptian vulture,ricker,0.2,safe,refplan,8b70bd2152e2926c53d35abd0d5ea1fa8eb665d9a4b2e57aa1e1ca02a4485523,accepted frozen general-RL P=10
Egyptian vulture,ricker,0.2,safe,ogsrl,8b70bd2152e2926c53d35abd0d5ea1fa8eb665d9a4b2e57aa1e1ca02a4485523,accepted frozen general-RL P=10
Egyptian vulture,ricker,0.2,safe,bamcts,8b70bd2152e2926c53d35abd0d5ea1fa8eb665d9a4b2e57aa1e1ca02a4485523,accepted frozen general-RL P=10
Egyptian vulture,ricker,0.2,safe,ensemble_value_disagreement_pessimism,8b70bd2152e2926c53d35abd0d5ea1fa8eb665d9a4b2e57aa1e1ca02a4485523,accepted frozen general-RL P=10
Egyptian vulture,ricker,0.2,safe,plus_adapted_ricker_only_pbvi,8b70bd2152e2926c53d35abd0d5ea1fa8eb665d9a4b2e57aa1e1ca02a4485523,accepted P=10 ecological correction
Egyptian vulture,ricker,0.2,safe,moor_adapted_ricker_misspec_pbvi,8b70bd2152e2926c53d35abd0d5ea1fa8eb665d9a4b2e57aa1e1ca02a4485523,accepted P=10 ecological correction
Egyptian vulture,allee,0.1,safe,refplan,c69837c29e7e8b18835176d5c623b5a11f71095557ae0f148a73caf3609b9a58,accepted frozen general-RL P=10
Egyptian vulture,allee,0.1,safe,ogsrl,c69837c29e7e8b18835176d5c623b5a11f71095557ae0f148a73caf3609b9a58,accepted frozen general-RL P=10
Egyptian vulture,allee,0.1,safe,bamcts,c69837c29e7e8b18835176d5c623b5a11f71095557ae0f148a73caf3609b9a58,accepted frozen general-RL P=10
Egyptian vulture,allee,0.1,safe,ensemble_value_disagreement_pessimism,c69837c29e7e8b18835176d5c623b5a11f71095557ae0f148a73caf3609b9a58,accepted frozen general-RL P=10
Egyptian vulture,allee,0.1,safe,plus_adapted_ricker_only_pbvi,c69837c29e7e8b18835176d5c623b5a11f71095557ae0f148a73caf3609b9a58,accepted P=10 ecological correction
Egyptian vulture,allee,0.1,safe,moor_adapted_ricker_misspec_pbvi,c69837c29e7e8b18835176d5c623b5a11f71095557ae0f148a73caf3609b9a58,accepted P=10 ecological correction
Egyptian vulture,allee,0.2,safe,refplan,8b70bd2152e2926c53d35abd0d5ea1fa8eb665d9a4b2e57aa1e1ca02a4485523,accepted frozen general-RL P=10
Egyptian vulture,allee,0.2,safe,ogsrl,8b70bd2152e2926c53d35abd0d5ea1fa8eb665d9a4b2e57aa1e1ca02a4485523,accepted frozen general-RL P=10
Egyptian vulture,allee,0.2,safe,bamcts,8b70bd2152e2926c53d35abd0d5ea1fa8eb665d9a4b2e57aa1e1ca02a4485523,accepted frozen general-RL P=10
Egyptian vulture,allee,0.2,safe,ensemble_value_disagreement_pessimism,8b70bd2152e2926c53d35abd0d5ea1fa8eb665d9a4b2e57aa1e1ca02a4485523,accepted frozen general-RL P=10
Egyptian vulture,allee,0.2,safe,plus_adapted_ricker_only_pbvi,8b70bd2152e2926c53d35abd0d5ea1fa8eb665d9a4b2e57aa1e1ca02a4485523,accepted P=10 ecological correction
Egyptian vulture,allee,0.2,safe,moor_adapted_ricker_misspec_pbvi,8b70bd2152e2926c53d35abd0d5ea1fa8eb665d9a4b2e57aa1e1ca02a4485523,accepted P=10 ecological correction
Egyptian vulture,theta,0.1,safe,refplan,70192fdb200123d2cdc1ac8672bcf39367024e95b24b9560fc101caf5fcc3c32,accepted frozen general-RL P=10
Egyptian vulture,theta,0.1,safe,ogsrl,70192fdb200123d2cdc1ac8672bcf39367024e95b24b9560fc101caf5fcc3c32,accepted frozen general-RL P=10
Egyptian vulture,theta,0.1,safe,bamcts,70192fdb200123d2cdc1ac8672bcf39367024e95b24b9560fc101caf5fcc3c32,accepted frozen general-RL P=10
Egyptian vulture,theta,0.1,safe,ensemble_value_disagreement_pessimism,70192fdb200123d2cdc1ac8672bcf39367024e95b24b9560fc101caf5fcc3c32,accepted frozen general-RL P=10
Egyptian vulture,theta,0.1,safe,plus_adapted_ricker_only_pbvi,70192fdb200123d2cdc1ac8672bcf39367024e95b24b9560fc101caf5fcc3c32,accepted P=10 ecological correction
Egyptian vulture,theta,0.1,safe,moor_adapted_ricker_misspec_pbvi,70192fdb200123d2cdc1ac8672bcf39367024e95b24b9560fc101caf5fcc3c32,accepted P=10 ecological correction
Egyptian vulture,theta,0.2,safe,refplan,eaf5c82743bedaac1fa4a8d7cc2fee2439f3084f5e7137730ec5ef2dda82f71f,accepted frozen general-RL P=10
Egyptian vulture,theta,0.2,safe,ogsrl,eaf5c82743bedaac1fa4a8d7cc2fee2439f3084f5e7137730ec5ef2dda82f71f,accepted frozen general-RL P=10
Egyptian vulture,theta,0.2,safe,bamcts,eaf5c82743bedaac1fa4a8d7cc2fee2439f3084f5e7137730ec5ef2dda82f71f,accepted frozen general-RL P=10
Egyptian vulture,theta,0.2,safe,ensemble_value_disagreement_pessimism,eaf5c82743bedaac1fa4a8d7cc2fee2439f3084f5e7137730ec5ef2dda82f71f,accepted frozen general-RL P=10
Egyptian vulture,theta,0.2,safe,plus_adapted_ricker_only_pbvi,eaf5c82743bedaac1fa4a8d7cc2fee2439f3084f5e7137730ec5ef2dda82f71f,accepted P=10 ecological correction
Egyptian vulture,theta,0.2,safe,moor_adapted_ricker_misspec_pbvi,eaf5c82743bedaac1fa4a8d7cc2fee2439f3084f5e7137730ec5ef2dda82f71f,accepted P=10 ecological correction
Egyptian vulture,regime,0.1,safe,refplan,c69837c29e7e8b18835176d5c623b5a11f71095557ae0f148a73caf3609b9a58,accepted frozen general-RL P=10
Egyptian vulture,regime,0.1,safe,ogsrl,c69837c29e7e8b18835176d5c623b5a11f71095557ae0f148a73caf3609b9a58,accepted frozen general-RL P=10
Egyptian vulture,regime,0.1,safe,bamcts,c69837c29e7e8b18835176d5c623b5a11f71095557ae0f148a73caf3609b9a58,accepted frozen general-RL P=10
Egyptian vulture,regime,0.1,safe,ensemble_value_disagreement_pessimism,c69837c29e7e8b18835176d5c623b5a11f71095557ae0f148a73caf3609b9a58,accepted frozen general-RL P=10
Egyptian vulture,regime,0.1,safe,plus_adapted_ricker_only_pbvi,c69837c29e7e8b18835176d5c623b5a11f71095557ae0f148a73caf3609b9a58,accepted P=10 ecological correction
Egyptian vulture,regime,0.1,safe,moor_adapted_ricker_misspec_pbvi,c69837c29e7e8b18835176d5c623b5a11f71095557ae0f148a73caf3609b9a58,accepted P=10 ecological correction
Egyptian vulture,regime,0.2,safe,refplan,8b70bd2152e2926c53d35abd0d5ea1fa8eb665d9a4b2e57aa1e1ca02a4485523,accepted frozen general-RL P=10
Egyptian vulture,regime,0.2,safe,ogsrl,8b70bd2152e2926c53d35abd0d5ea1fa8eb665d9a4b2e57aa1e1ca02a4485523,accepted frozen general-RL P=10
Egyptian vulture,regime,0.2,safe,bamcts,8b70bd2152e2926c53d35abd0d5ea1fa8eb665d9a4b2e57aa1e1ca02a4485523,accepted frozen general-RL P=10
Egyptian vulture,regime,0.2,safe,ensemble_value_disagreement_pessimism,8b70bd2152e2926c53d35abd0d5ea1fa8eb665d9a4b2e57aa1e1ca02a4485523,accepted frozen general-RL P=10
Egyptian vulture,regime,0.2,safe,plus_adapted_ricker_only_pbvi,8b70bd2152e2926c53d35abd0d5ea1fa8eb665d9a4b2e57aa1e1ca02a4485523,accepted P=10 ecological correction
Egyptian vulture,regime,0.2,safe,moor_adapted_ricker_misspec_pbvi,8b70bd2152e2926c53d35abd0d5ea1fa8eb665d9a4b2e57aa1e1ca02a4485523,accepted P=10 ecological correction
