population,environment,sigma_obs,action,reward,return_mean,return_sd,current_parity_delta
Amur tiger,ricker,0.1,0,Current,0.9168613941103139,2.278129578503827e-16,4.440892098500626e-16
Amur tiger,ricker,0.1,0,OptionA,4.938492770324094,9.112518314015307e-16,4.440892098500626e-16
Amur tiger,ricker,0.1,0,OptionC,0.4781833514997591,1.1390647892519134e-16,4.440892098500626e-16
Amur tiger,ricker,0.1,1,Current,-95.16203290609954,0.0,0.0
Amur tiger,ricker,0.1,1,OptionA,-71.93807276162754,1.4580029302424492e-14,0.0
Amur tiger,ricker,0.1,1,OptionC,-95.606471638208,1.4580029302424492e-14,0.0
Amur tiger,ricker,0.1,2,Current,-144.73144628609626,2.9160058604848984e-14,8.526512829121202e-14
Amur tiger,ricker,0.1,2,OptionA,-129.9488691671605,2.9160058604848984e-14,8.526512829121202e-14
Amur tiger,ricker,0.1,2,OptionC,-145.17589073053767,5.832011720969797e-14,8.526512829121202e-14
Amur tiger,ricker,0.1,3,Current,3.897533546380516,4.556259157007654e-16,0.0
Amur tiger,ricker,0.1,3,OptionA,3.897533546380516,4.556259157007654e-16,0.0
Amur tiger,ricker,0.1,3,OptionC,3.4904021452007674,4.556259157007654e-16,0.0
Amur tiger,ricker,0.1,4,Current,-0.46158913304800675,5.695323946259567e-17,1.1102230246251565e-16
Amur tiger,ricker,0.1,4,OptionA,-0.46158913304800675,5.695323946259567e-17,1.1102230246251565e-16
Amur tiger,ricker,0.1,4,OptionC,-0.8676846931525564,0.0,1.1102230246251565e-16
Amur tiger,ricker,0.1,5,Current,-2.5445949486020085,4.556259157007654e-16,0.0
Amur tiger,ricker,0.1,5,OptionA,1.477036427611773,2.278129578503827e-16,0.0
Amur tiger,ricker,0.1,5,OptionC,-2.9832729912125635,4.556259157007654e-16,0.0
Amur tiger,ricker,0.1,6,Current,-8.313688853122548,1.8225036628030615e-15,1.7763568394002505e-15
Amur tiger,ricker,0.1,6,OptionA,-4.292057476908765,0.0,1.7763568394002505e-15
Amur tiger,ricker,0.1,6,OptionC,-8.752366895733102,0.0,1.7763568394002505e-15
Amur tiger,ricker,0.1,7,Current,1.0328575839826282,2.278129578503827e-16,2.220446049250313e-16
Amur tiger,ricker,0.1,7,OptionA,1.0328575839826282,2.278129578503827e-16,2.220446049250313e-16
Amur tiger,ricker,0.1,7,OptionC,0.6336689858521519,0.0,2.220446049250313e-16
Amur tiger,ricker,0.1,8,Current,-4.642920099067817,1.8225036628030615e-15,3.552713678800501e-15
Amur tiger,ricker,0.1,8,OptionA,-4.642920099067817,1.8225036628030615e-15,3.552713678800501e-15
Amur tiger,ricker,0.1,8,OptionC,-5.0418501706650884,9.112518314015307e-16,3.552713678800501e-15
Amur tiger,ricker,0.1,9,Current,-8.280724057394819,0.0,0.0
Amur tiger,ricker,0.1,9,OptionA,-8.280724057394819,0.0,0.0
Amur tiger,ricker,0.1,9,OptionC,-8.674569545756805,1.8225036628030615e-15,0.0
Amur tiger,ricker,0.1,10,Current,4.224420899026084,0.0,0.0
Amur tiger,ricker,0.1,10,OptionA,4.224420899026084,0.0,0.0
Amur tiger,ricker,0.1,10,OptionC,3.8274989731993236,0.0,0.0
Amur tiger,ricker,0.2,0,Current,0.9168613941103139,2.278129578503827e-16,4.440892098500626e-16
Amur tiger,ricker,0.2,0,OptionA,4.938492770324094,9.112518314015307e-16,4.440892098500626e-16
Amur tiger,ricker,0.2,0,OptionC,0.4781833514997591,1.1390647892519134e-16,4.440892098500626e-16
Amur tiger,ricker,0.2,1,Current,-95.16203290609954,0.0,0.0
Amur tiger,ricker,0.2,1,OptionA,-71.93807276162754,1.4580029302424492e-14,0.0
Amur tiger,ricker,0.2,1,OptionC,-95.606471638208,1.4580029302424492e-14,0.0
Amur tiger,ricker,0.2,2,Current,-144.73144628609626,2.9160058604848984e-14,8.526512829121202e-14
Amur tiger,ricker,0.2,2,OptionA,-129.9488691671605,2.9160058604848984e-14,8.526512829121202e-14
Amur tiger,ricker,0.2,2,OptionC,-145.17589073053767,5.832011720969797e-14,8.526512829121202e-14
Amur tiger,ricker,0.2,3,Current,3.897533546380516,4.556259157007654e-16,0.0
Amur tiger,ricker,0.2,3,OptionA,3.897533546380516,4.556259157007654e-16,0.0
Amur tiger,ricker,0.2,3,OptionC,3.4904021452007674,4.556259157007654e-16,0.0
Amur tiger,ricker,0.2,4,Current,-0.46158913304800675,5.695323946259567e-17,1.1102230246251565e-16
Amur tiger,ricker,0.2,4,OptionA,-0.46158913304800675,5.695323946259567e-17,1.1102230246251565e-16
Amur tiger,ricker,0.2,4,OptionC,-0.8676846931525564,0.0,1.1102230246251565e-16
Amur tiger,ricker,0.2,5,Current,-2.5445949486020085,4.556259157007654e-16,0.0
Amur tiger,ricker,0.2,5,OptionA,1.477036427611773,2.278129578503827e-16,0.0
Amur tiger,ricker,0.2,5,OptionC,-2.9832729912125635,4.556259157007654e-16,0.0
Amur tiger,ricker,0.2,6,Current,-8.313688853122548,1.8225036628030615e-15,1.7763568394002505e-15
Amur tiger,ricker,0.2,6,OptionA,-4.292057476908765,0.0,1.7763568394002505e-15
Amur tiger,ricker,0.2,6,OptionC,-8.752366895733102,0.0,1.7763568394002505e-15
Amur tiger,ricker,0.2,7,Current,1.0328575839826282,2.278129578503827e-16,2.220446049250313e-16
Amur tiger,ricker,0.2,7,OptionA,1.0328575839826282,2.278129578503827e-16,2.220446049250313e-16
Amur tiger,ricker,0.2,7,OptionC,0.6336689858521519,0.0,2.220446049250313e-16
Amur tiger,ricker,0.2,8,Current,-4.642920099067817,1.8225036628030615e-15,3.552713678800501e-15
Amur tiger,ricker,0.2,8,OptionA,-4.642920099067817,1.8225036628030615e-15,3.552713678800501e-15
Amur tiger,ricker,0.2,8,OptionC,-5.0418501706650884,9.112518314015307e-16,3.552713678800501e-15
Amur tiger,ricker,0.2,9,Current,-8.280724057394819,0.0,0.0
Amur tiger,ricker,0.2,9,OptionA,-8.280724057394819,0.0,0.0
Amur tiger,ricker,0.2,9,OptionC,-8.674569545756805,1.8225036628030615e-15,0.0
Amur tiger,ricker,0.2,10,Current,4.224420899026084,0.0,0.0
Amur tiger,ricker,0.2,10,OptionA,4.224420899026084,0.0,0.0
Amur tiger,ricker,0.2,10,OptionC,3.8274989731993236,0.0,0.0
Amur tiger,allee,0.1,0,Current,0.9168613941103139,2.278129578503827e-16,4.440892098500626e-16
Amur tiger,allee,0.1,0,OptionA,4.938492770324094,9.112518314015307e-16,4.440892098500626e-16
Amur tiger,allee,0.1,0,OptionC,0.4781833514997591,1.1390647892519134e-16,4.440892098500626e-16
Amur tiger,allee,0.1,1,Current,-95.16203290609954,0.0,0.0
Amur tiger,allee,0.1,1,OptionA,-71.93807276162754,1.4580029302424492e-14,0.0
Amur tiger,allee,0.1,1,OptionC,-95.606471638208,1.4580029302424492e-14,0.0
Amur tiger,allee,0.1,2,Current,-144.73144628609626,2.9160058604848984e-14,8.526512829121202e-14
Amur tiger,allee,0.1,2,OptionA,-129.9488691671605,2.9160058604848984e-14,8.526512829121202e-14
Amur tiger,allee,0.1,2,OptionC,-145.17589073053767,5.832011720969797e-14,8.526512829121202e-14
Amur tiger,allee,0.1,3,Current,4.160496823594089,0.061328623969458464,0.0
Amur tiger,allee,0.1,3,OptionA,4.160496823594089,0.061328623969458464,0.0
Amur tiger,allee,0.1,3,OptionC,3.754435706876005,0.06139247271590675,0.0
Amur tiger,allee,0.1,4,Current,-0.21298071681069888,0.04264433269788341,0.0
Amur tiger,allee,0.1,4,OptionA,-0.21298071681069888,0.04264433269788341,0.0
Amur tiger,allee,0.1,4,OptionC,-0.6189527893688938,0.042644475198243895,0.0
Amur tiger,allee,0.1,5,Current,-2.5445949486020085,4.556259157007654e-16,0.0
Amur tiger,allee,0.1,5,OptionA,1.477036427611773,2.278129578503827e-16,0.0
Amur tiger,allee,0.1,5,OptionC,-2.9832729912125635,4.556259157007654e-16,0.0
Amur tiger,allee,0.1,6,Current,-8.313688853122548,1.8225036628030615e-15,1.7763568394002505e-15
Amur tiger,allee,0.1,6,OptionA,-4.292057476908765,0.0,1.7763568394002505e-15
Amur tiger,allee,0.1,6,OptionC,-8.752366895733102,0.0,1.7763568394002505e-15
Amur tiger,allee,0.1,7,Current,2.229165506395051,0.21686199975311274,4.440892098500626e-16
Amur tiger,allee,0.1,7,OptionA,2.229165506395051,0.21686199975311274,4.440892098500626e-16
Amur tiger,allee,0.1,7,OptionC,1.8360021817001246,0.21687848662882242,4.440892098500626e-16
Amur tiger,allee,0.1,8,Current,-3.329843982535382,0.2363724769541854,8.881784197001252e-16
Amur tiger,allee,0.1,8,OptionA,-3.329843982535382,0.2363724769541854,8.881784197001252e-16
Amur tiger,allee,0.1,8,OptionC,-3.7230026856396847,0.23638426812143506,8.881784197001252e-16
Amur tiger,allee,0.1,9,Current,-7.01944539765058,0.1448582514318177,0.0
Amur tiger,allee,0.1,9,OptionA,-7.01944539765058,0.1448582514318177,0.0
Amur tiger,allee,0.1,9,OptionC,-7.412593191910792,0.14485825143219322,0.0
Amur tiger,allee,0.1,10,Current,4.224420899026084,0.0,0.0
Amur tiger,allee,0.1,10,OptionA,4.224420899026084,0.0,0.0
Amur tiger,allee,0.1,10,OptionC,3.8274989731993236,0.0,0.0
Amur tiger,allee,0.2,0,Current,0.9168613941103139,2.278129578503827e-16,4.440892098500626e-16
Amur tiger,allee,0.2,0,OptionA,4.938492770324094,9.112518314015307e-16,4.440892098500626e-16
Amur tiger,allee,0.2,0,OptionC,0.4781833514997591,1.1390647892519134e-16,4.440892098500626e-16
Amur tiger,allee,0.2,1,Current,-95.16203290609954,0.0,0.0
Amur tiger,allee,0.2,1,OptionA,-71.93807276162754,1.4580029302424492e-14,0.0
Amur tiger,allee,0.2,1,OptionC,-95.606471638208,1.4580029302424492e-14,0.0
Amur tiger,allee,0.2,2,Current,-144.73144628609626,2.9160058604848984e-14,8.526512829121202e-14
Amur tiger,allee,0.2,2,OptionA,-129.9488691671605,2.9160058604848984e-14,8.526512829121202e-14
Amur tiger,allee,0.2,2,OptionC,-145.17589073053767,5.832011720969797e-14,8.526512829121202e-14
Amur tiger,allee,0.2,3,Current,4.160496823594089,0.061328623969458464,0.0
Amur tiger,allee,0.2,3,OptionA,4.160496823594089,0.061328623969458464,0.0
Amur tiger,allee,0.2,3,OptionC,3.754435706876005,0.06139247271590675,0.0
Amur tiger,allee,0.2,4,Current,-0.21298071681069888,0.04264433269788341,0.0
Amur tiger,allee,0.2,4,OptionA,-0.21298071681069888,0.04264433269788341,0.0
Amur tiger,allee,0.2,4,OptionC,-0.6189527893688938,0.042644475198243895,0.0
Amur tiger,allee,0.2,5,Current,-2.5445949486020085,4.556259157007654e-16,0.0
Amur tiger,allee,0.2,5,OptionA,1.477036427611773,2.278129578503827e-16,0.0
Amur tiger,allee,0.2,5,OptionC,-2.9832729912125635,4.556259157007654e-16,0.0
Amur tiger,allee,0.2,6,Current,-8.313688853122548,1.8225036628030615e-15,1.7763568394002505e-15
Amur tiger,allee,0.2,6,OptionA,-4.292057476908765,0.0,1.7763568394002505e-15
Amur tiger,allee,0.2,6,OptionC,-8.752366895733102,0.0,1.7763568394002505e-15
Amur tiger,allee,0.2,7,Current,2.229165506395051,0.21686199975311274,4.440892098500626e-16
Amur tiger,allee,0.2,7,OptionA,2.229165506395051,0.21686199975311274,4.440892098500626e-16
Amur tiger,allee,0.2,7,OptionC,1.8360021817001246,0.21687848662882242,4.440892098500626e-16
Amur tiger,allee,0.2,8,Current,-3.329843982535382,0.2363724769541854,8.881784197001252e-16
Amur tiger,allee,0.2,8,OptionA,-3.329843982535382,0.2363724769541854,8.881784197001252e-16
Amur tiger,allee,0.2,8,OptionC,-3.7230026856396847,0.23638426812143506,8.881784197001252e-16
Amur tiger,allee,0.2,9,Current,-7.01944539765058,0.1448582514318177,0.0
Amur tiger,allee,0.2,9,OptionA,-7.01944539765058,0.1448582514318177,0.0
Amur tiger,allee,0.2,9,OptionC,-7.412593191910792,0.14485825143219322,0.0
Amur tiger,allee,0.2,10,Current,4.224420899026084,0.0,0.0
Amur tiger,allee,0.2,10,OptionA,4.224420899026084,0.0,0.0
Amur tiger,allee,0.2,10,OptionC,3.8274989731993236,0.0,0.0
Amur tiger,theta,0.1,0,Current,1.958260656529654,2.278129578503827e-16,2.220446049250313e-16
Amur tiger,theta,0.1,0,OptionA,5.163712884982731,9.112518314015307e-16,2.220446049250313e-16
Amur tiger,theta,0.1,0,OptionC,1.519855060277773,2.278129578503827e-16,2.220446049250313e-16
Amur tiger,theta,0.1,1,Current,-89.2983724466728,1.4580029302424492e-14,2.842170943040401e-14
Amur tiger,theta,0.1,1,OptionA,-65.21131762841517,0.0,2.842170943040401e-14
Amur tiger,theta,0.1,1,OptionC,-89.74280405150105,0.0,2.842170943040401e-14
Amur tiger,theta,0.1,2,Current,-136.3328267520214,2.9160058604848984e-14,2.842170943040401e-14
Amur tiger,theta,0.1,2,OptionA,-118.01645406312755,2.9160058604848984e-14,2.842170943040401e-14
Amur tiger,theta,0.1,2,OptionC,-136.77727119609028,2.9160058604848984e-14,2.842170943040401e-14
Amur tiger,theta,0.1,3,Current,4.232174948898644,0.04507912541509801,8.881784197001252e-16
Amur tiger,theta,0.1,3,OptionA,4.232174948898644,0.04507912541509801,8.881784197001252e-16
Amur tiger,theta,0.1,3,OptionC,3.8261779891560366,0.04510150734322513,8.881784197001252e-16
Amur tiger,theta,0.1,4,Current,-0.16203313802114505,0.02820135459660545,0.0
Amur tiger,theta,0.1,4,OptionA,-0.16203313802114505,0.02820135459660545,0.0
Amur tiger,theta,0.1,4,OptionC,-0.5680050979671725,0.028201358818938156,0.0
Amur tiger,theta,0.1,5,Current,-1.5031956861826683,0.0,1.1102230246251565e-15
Amur tiger,theta,0.1,5,OptionA,1.7022565422704095,0.0,1.1102230246251565e-15
Amur tiger,theta,0.1,5,OptionC,-1.9416012824345494,2.278129578503827e-16,1.1102230246251565e-15
Amur tiger,theta,0.1,6,Current,-7.272289590703205,9.112518314015307e-16,8.881784197001252e-16
Amur tiger,theta,0.1,6,OptionA,-4.066837362250128,0.0,8.881784197001252e-16
Amur tiger,theta,0.1,6,OptionC,-7.710695186955088,9.112518314015307e-16,8.881784197001252e-16
Amur tiger,theta,0.1,7,Current,1.7697635671627487,0.0806990951741718,2.220446049250313e-16
Amur tiger,theta,0.1,7,OptionA,1.7697635671627487,0.0806990951741718,2.220446049250313e-16
Amur tiger,theta,0.1,7,OptionC,1.3760249504345219,0.08104728432935407,2.220446049250313e-16
Amur tiger,theta,0.1,8,Current,-3.938385194967455,0.06473564305636936,0.0
Amur tiger,theta,0.1,8,OptionA,-3.938385194967455,0.06473564305636936,0.0
Amur tiger,theta,0.1,8,OptionC,-4.332077611023313,0.06505617262454379,0.0
Amur tiger,theta,0.1,9,Current,-7.412718767042788,0.06536207757602329,0.0
Amur tiger,theta,0.1,9,OptionA,-7.412718767042788,0.06536207757602329,0.0
Amur tiger,theta,0.1,9,OptionC,-7.805866639820681,0.06536218211215619,0.0
Amur tiger,theta,0.1,10,Current,4.264204637374474,9.112518314015307e-16,0.0
Amur tiger,theta,0.1,10,OptionA,4.264204637374474,9.112518314015307e-16,0.0
Amur tiger,theta,0.1,10,OptionC,3.867617759461237,9.112518314015307e-16,0.0
Amur tiger,theta,0.2,0,Current,1.958260656529654,2.278129578503827e-16,2.220446049250313e-16
Amur tiger,theta,0.2,0,OptionA,5.163712884982731,9.112518314015307e-16,2.220446049250313e-16
Amur tiger,theta,0.2,0,OptionC,1.519855060277773,2.278129578503827e-16,2.220446049250313e-16
Amur tiger,theta,0.2,1,Current,-89.2983724466728,1.4580029302424492e-14,2.842170943040401e-14
Amur tiger,theta,0.2,1,OptionA,-65.21131762841517,0.0,2.842170943040401e-14
Amur tiger,theta,0.2,1,OptionC,-89.74280405150105,0.0,2.842170943040401e-14
Amur tiger,theta,0.2,2,Current,-136.3328267520214,2.9160058604848984e-14,2.842170943040401e-14
Amur tiger,theta,0.2,2,OptionA,-118.01645406312755,2.9160058604848984e-14,2.842170943040401e-14
Amur tiger,theta,0.2,2,OptionC,-136.77727119609028,2.9160058604848984e-14,2.842170943040401e-14
Amur tiger,theta,0.2,3,Current,4.232174948898644,0.04507912541509801,8.881784197001252e-16
Amur tiger,theta,0.2,3,OptionA,4.232174948898644,0.04507912541509801,8.881784197001252e-16
Amur tiger,theta,0.2,3,OptionC,3.8261779891560366,0.04510150734322513,8.881784197001252e-16
Amur tiger,theta,0.2,4,Current,-0.16203313802114505,0.02820135459660545,0.0
Amur tiger,theta,0.2,4,OptionA,-0.16203313802114505,0.02820135459660545,0.0
Amur tiger,theta,0.2,4,OptionC,-0.5680050979671725,0.028201358818938156,0.0
Amur tiger,theta,0.2,5,Current,-1.5031956861826683,0.0,1.1102230246251565e-15
Amur tiger,theta,0.2,5,OptionA,1.7022565422704095,0.0,1.1102230246251565e-15
Amur tiger,theta,0.2,5,OptionC,-1.9416012824345494,2.278129578503827e-16,1.1102230246251565e-15
Amur tiger,theta,0.2,6,Current,-7.272289590703205,9.112518314015307e-16,8.881784197001252e-16
Amur tiger,theta,0.2,6,OptionA,-4.066837362250128,0.0,8.881784197001252e-16
Amur tiger,theta,0.2,6,OptionC,-7.710695186955088,9.112518314015307e-16,8.881784197001252e-16
Amur tiger,theta,0.2,7,Current,1.7697635671627487,0.0806990951741718,2.220446049250313e-16
Amur tiger,theta,0.2,7,OptionA,1.7697635671627487,0.0806990951741718,2.220446049250313e-16
Amur tiger,theta,0.2,7,OptionC,1.3760249504345219,0.08104728432935407,2.220446049250313e-16
Amur tiger,theta,0.2,8,Current,-3.938385194967455,0.06473564305636936,0.0
Amur tiger,theta,0.2,8,OptionA,-3.938385194967455,0.06473564305636936,0.0
Amur tiger,theta,0.2,8,OptionC,-4.332077611023313,0.06505617262454379,0.0
Amur tiger,theta,0.2,9,Current,-7.412718767042788,0.06536207757602329,0.0
Amur tiger,theta,0.2,9,OptionA,-7.412718767042788,0.06536207757602329,0.0
Amur tiger,theta,0.2,9,OptionC,-7.805866639820681,0.06536218211215619,0.0
Amur tiger,theta,0.2,10,Current,4.264204637374474,9.112518314015307e-16,0.0
Amur tiger,theta,0.2,10,OptionA,4.264204637374474,9.112518314015307e-16,0.0
Amur tiger,theta,0.2,10,OptionC,3.867617759461237,9.112518314015307e-16,0.0
Amur tiger,regime,0.1,0,Current,0.9168613941103139,2.278129578503827e-16,4.440892098500626e-16
Amur tiger,regime,0.1,0,OptionA,4.938492770324094,9.112518314015307e-16,4.440892098500626e-16
Amur tiger,regime,0.1,0,OptionC,0.4781833514997591,1.1390647892519134e-16,4.440892098500626e-16
Amur tiger,regime,0.1,1,Current,-95.16203290609954,0.0,0.0
Amur tiger,regime,0.1,1,OptionA,-71.93807276162754,1.4580029302424492e-14,0.0
Amur tiger,regime,0.1,1,OptionC,-95.606471638208,1.4580029302424492e-14,0.0
Amur tiger,regime,0.1,2,Current,-144.73144628609626,2.9160058604848984e-14,8.526512829121202e-14
Amur tiger,regime,0.1,2,OptionA,-129.9488691671605,2.9160058604848984e-14,8.526512829121202e-14
Amur tiger,regime,0.1,2,OptionC,-145.17589073053767,5.832011720969797e-14,8.526512829121202e-14
Amur tiger,regime,0.1,3,Current,4.081891793229677,0.10630968568918217,0.0
Amur tiger,regime,0.1,3,OptionA,4.081891793229677,0.10630968568918217,0.0
Amur tiger,regime,0.1,3,OptionC,3.675715843652312,0.10640210223534541,0.0
Amur tiger,regime,0.1,4,Current,-0.2839357853860137,0.11289165711465428,5.551115123125783e-17
Amur tiger,regime,0.1,4,OptionA,-0.2839357853860137,0.11289165711465428,5.551115123125783e-17
Amur tiger,regime,0.1,4,OptionC,-0.6899121843220681,0.11289795775318363,5.551115123125783e-17
Amur tiger,regime,0.1,5,Current,-2.5445949486020085,4.556259157007654e-16,0.0
Amur tiger,regime,0.1,5,OptionA,1.477036427611773,2.278129578503827e-16,0.0
Amur tiger,regime,0.1,5,OptionC,-2.9832729912125635,4.556259157007654e-16,0.0
Amur tiger,regime,0.1,6,Current,-8.313688853122548,1.8225036628030615e-15,1.7763568394002505e-15
Amur tiger,regime,0.1,6,OptionA,-4.292057476908765,0.0,1.7763568394002505e-15
Amur tiger,regime,0.1,6,OptionC,-8.752366895733102,0.0,1.7763568394002505e-15
Amur tiger,regime,0.1,7,Current,1.907130856190309,0.3984623918434749,6.661338147750939e-16
Amur tiger,regime,0.1,7,OptionA,1.907130856190309,0.3984623918434749,6.661338147750939e-16
Amur tiger,regime,0.1,7,OptionC,1.5137667395884207,0.3987113052861568,6.661338147750939e-16
Amur tiger,regime,0.1,8,Current,-3.67279094933856,0.4537111647123662,4.440892098500626e-16
Amur tiger,regime,0.1,8,OptionA,-3.67279094933856,0.4537111647123662,4.440892098500626e-16
Amur tiger,regime,0.1,8,OptionC,-4.066115879659921,0.45393434255024323,4.440892098500626e-16
Amur tiger,regime,0.1,9,Current,-7.3074681953167655,0.42733722896702414,1.7763568394002505e-15
Amur tiger,regime,0.1,9,OptionA,-7.3074681953167655,0.42733722896702414,1.7763568394002505e-15
Amur tiger,regime,0.1,9,OptionC,-7.700616085395483,0.4273373735736412,1.7763568394002505e-15
Amur tiger,regime,0.1,10,Current,4.224420899026084,0.0,0.0
Amur tiger,regime,0.1,10,OptionA,4.224420899026084,0.0,0.0
Amur tiger,regime,0.1,10,OptionC,3.8274989731993236,0.0,0.0
Amur tiger,regime,0.2,0,Current,0.9168613941103139,2.278129578503827e-16,4.440892098500626e-16
Amur tiger,regime,0.2,0,OptionA,4.938492770324094,9.112518314015307e-16,4.440892098500626e-16
Amur tiger,regime,0.2,0,OptionC,0.4781833514997591,1.1390647892519134e-16,4.440892098500626e-16
Amur tiger,regime,0.2,1,Current,-95.16203290609954,0.0,0.0
Amur tiger,regime,0.2,1,OptionA,-71.93807276162754,1.4580029302424492e-14,0.0
Amur tiger,regime,0.2,1,OptionC,-95.606471638208,1.4580029302424492e-14,0.0
Amur tiger,regime,0.2,2,Current,-144.73144628609626,2.9160058604848984e-14,8.526512829121202e-14
Amur tiger,regime,0.2,2,OptionA,-129.9488691671605,2.9160058604848984e-14,8.526512829121202e-14
Amur tiger,regime,0.2,2,OptionC,-145.17589073053767,5.832011720969797e-14,8.526512829121202e-14
Amur tiger,regime,0.2,3,Current,4.081891793229677,0.10630968568918217,0.0
Amur tiger,regime,0.2,3,OptionA,4.081891793229677,0.10630968568918217,0.0
Amur tiger,regime,0.2,3,OptionC,3.675715843652312,0.10640210223534541,0.0
Amur tiger,regime,0.2,4,Current,-0.2839357853860137,0.11289165711465428,5.551115123125783e-17
Amur tiger,regime,0.2,4,OptionA,-0.2839357853860137,0.11289165711465428,5.551115123125783e-17
Amur tiger,regime,0.2,4,OptionC,-0.6899121843220681,0.11289795775318363,5.551115123125783e-17
Amur tiger,regime,0.2,5,Current,-2.5445949486020085,4.556259157007654e-16,0.0
Amur tiger,regime,0.2,5,OptionA,1.477036427611773,2.278129578503827e-16,0.0
Amur tiger,regime,0.2,5,OptionC,-2.9832729912125635,4.556259157007654e-16,0.0
Amur tiger,regime,0.2,6,Current,-8.313688853122548,1.8225036628030615e-15,1.7763568394002505e-15
Amur tiger,regime,0.2,6,OptionA,-4.292057476908765,0.0,1.7763568394002505e-15
Amur tiger,regime,0.2,6,OptionC,-8.752366895733102,0.0,1.7763568394002505e-15
Amur tiger,regime,0.2,7,Current,1.907130856190309,0.3984623918434749,6.661338147750939e-16
Amur tiger,regime,0.2,7,OptionA,1.907130856190309,0.3984623918434749,6.661338147750939e-16
Amur tiger,regime,0.2,7,OptionC,1.5137667395884207,0.3987113052861568,6.661338147750939e-16
Amur tiger,regime,0.2,8,Current,-3.67279094933856,0.4537111647123662,4.440892098500626e-16
Amur tiger,regime,0.2,8,OptionA,-3.67279094933856,0.4537111647123662,4.440892098500626e-16
Amur tiger,regime,0.2,8,OptionC,-4.066115879659921,0.45393434255024323,4.440892098500626e-16
Amur tiger,regime,0.2,9,Current,-7.3074681953167655,0.42733722896702414,1.7763568394002505e-15
Amur tiger,regime,0.2,9,OptionA,-7.3074681953167655,0.42733722896702414,1.7763568394002505e-15
Amur tiger,regime,0.2,9,OptionC,-7.700616085395483,0.4273373735736412,1.7763568394002505e-15
Amur tiger,regime,0.2,10,Current,4.224420899026084,0.0,0.0
Amur tiger,regime,0.2,10,OptionA,4.224420899026084,0.0,0.0
Amur tiger,regime,0.2,10,OptionC,3.8274989731993236,0.0,0.0
Crab-eating fox,ricker,0.1,0,Current,9.23055024723286,1.8225036628030615e-15,1.7763568394002505e-15
Crab-eating fox,ricker,0.1,0,OptionA,9.23055024723286,1.8225036628030615e-15,1.7763568394002505e-15
Crab-eating fox,ricker,0.1,0,OptionC,8.769022734871218,1.8225036628030615e-15,1.7763568394002505e-15
Crab-eating fox,ricker,0.1,1,Current,10.153605271956147,1.8225036628030615e-15,0.0
Crab-eating fox,ricker,0.1,1,OptionA,10.153605271956147,1.8225036628030615e-15,0.0
Crab-eating fox,ricker,0.1,1,OptionC,9.692077759594508,1.8225036628030615e-15,0.0
Crab-eating fox,ricker,0.1,2,Current,10.13038257642836,0.0,3.552713678800501e-15
Crab-eating fox,ricker,0.1,2,OptionA,10.13038257642836,0.0,3.552713678800501e-15
Crab-eating fox,ricker,0.1,2,OptionC,9.656687269214995,1.8225036628030615e-15,3.552713678800501e-15
Crab-eating fox,ricker,0.1,3,Current,4.61527512361643,9.112518314015307e-16,0.0
Crab-eating fox,ricker,0.1,3,OptionA,4.61527512361643,9.112518314015307e-16,0.0
Crab-eating fox,ricker,0.1,3,OptionC,4.153747611254788,0.0,0.0
Crab-eating fox,ricker,0.1,4,Current,2.0495938828874703e-15,0.0,3.944304526105059e-31
Crab-eating fox,ricker,0.1,4,OptionA,2.0495938828874703e-15,0.0,3.944304526105059e-31
Crab-eating fox,ricker,0.1,4,OptionC,-0.46152751236164125,5.695323946259567e-17,3.944304526105059e-31
Crab-eating fox,ricker,0.1,5,Current,7.989055042238226,1.8225036628030615e-15,0.0
Crab-eating fox,ricker,0.1,5,OptionA,7.989055042238226,1.8225036628030615e-15,0.0
Crab-eating fox,ricker,0.1,5,OptionC,7.540351691987293,0.0,0.0
Crab-eating fox,ricker,0.1,6,Current,2.5588807297761846,0.0,8.881784197001252e-16
Crab-eating fox,ricker,0.1,6,OptionA,2.5588807297761846,0.0,8.881784197001252e-16
Crab-eating fox,ricker,0.1,6,OptionC,2.110177379862111,4.556259157007654e-16,8.881784197001252e-16
Crab-eating fox,ricker,0.1,7,Current,3.431021478555581,4.556259157007654e-16,0.0
Crab-eating fox,ricker,0.1,7,OptionA,3.431021478555581,4.556259157007654e-16,0.0
Crab-eating fox,ricker,0.1,7,OptionC,2.9823181287288234,9.112518314015307e-16,0.0
Crab-eating fox,ricker,0.1,8,Current,-1.9893637257363697,4.556259157007654e-16,4.440892098500626e-16
Crab-eating fox,ricker,0.1,8,OptionA,-1.9893637257363697,4.556259157007654e-16,4.440892098500626e-16
Crab-eating fox,ricker,0.1,8,OptionC,-2.438067075553538,4.556259157007654e-16,4.440892098500626e-16
Crab-eating fox,ricker,0.1,9,Current,-6.545218237859717,9.112518314015307e-16,8.881784197001252e-16
Crab-eating fox,ricker,0.1,9,OptionA,-6.545218237859717,9.112518314015307e-16,8.881784197001252e-16
Crab-eating fox,ricker,0.1,9,OptionC,-6.99392158767525,0.0,8.881784197001252e-16
Crab-eating fox,ricker,0.1,10,Current,4.088669556637091,1.8225036628030615e-15,0.0
Crab-eating fox,ricker,0.1,10,OptionA,4.088669556637091,1.8225036628030615e-15,0.0
Crab-eating fox,ricker,0.1,10,OptionC,3.629937520864877,4.556259157007654e-16,0.0
Crab-eating fox,ricker,0.2,0,Current,9.23055024723286,1.8225036628030615e-15,1.7763568394002505e-15
Crab-eating fox,ricker,0.2,0,OptionA,9.23055024723286,1.8225036628030615e-15,1.7763568394002505e-15
Crab-eating fox,ricker,0.2,0,OptionC,8.769022734871218,1.8225036628030615e-15,1.7763568394002505e-15
Crab-eating fox,ricker,0.2,1,Current,10.153605271956147,1.8225036628030615e-15,0.0
Crab-eating fox,ricker,0.2,1,OptionA,10.153605271956147,1.8225036628030615e-15,0.0
Crab-eating fox,ricker,0.2,1,OptionC,9.692077759594508,1.8225036628030615e-15,0.0
Crab-eating fox,ricker,0.2,2,Current,10.13038257642836,0.0,3.552713678800501e-15
Crab-eating fox,ricker,0.2,2,OptionA,10.13038257642836,0.0,3.552713678800501e-15
Crab-eating fox,ricker,0.2,2,OptionC,9.656687269214995,1.8225036628030615e-15,3.552713678800501e-15
Crab-eating fox,ricker,0.2,3,Current,4.61527512361643,9.112518314015307e-16,0.0
Crab-eating fox,ricker,0.2,3,OptionA,4.61527512361643,9.112518314015307e-16,0.0
Crab-eating fox,ricker,0.2,3,OptionC,4.153747611254788,0.0,0.0
Crab-eating fox,ricker,0.2,4,Current,2.0495938828874703e-15,0.0,3.944304526105059e-31
Crab-eating fox,ricker,0.2,4,OptionA,2.0495938828874703e-15,0.0,3.944304526105059e-31
Crab-eating fox,ricker,0.2,4,OptionC,-0.46152751236164125,5.695323946259567e-17,3.944304526105059e-31
Crab-eating fox,ricker,0.2,5,Current,7.989055042238226,1.8225036628030615e-15,0.0
Crab-eating fox,ricker,0.2,5,OptionA,7.989055042238226,1.8225036628030615e-15,0.0
Crab-eating fox,ricker,0.2,5,OptionC,7.540351691987293,0.0,0.0
Crab-eating fox,ricker,0.2,6,Current,2.5588807297761846,0.0,8.881784197001252e-16
Crab-eating fox,ricker,0.2,6,OptionA,2.5588807297761846,0.0,8.881784197001252e-16
Crab-eating fox,ricker,0.2,6,OptionC,2.110177379862111,4.556259157007654e-16,8.881784197001252e-16
Crab-eating fox,ricker,0.2,7,Current,3.431021478555581,4.556259157007654e-16,0.0
Crab-eating fox,ricker,0.2,7,OptionA,3.431021478555581,4.556259157007654e-16,0.0
Crab-eating fox,ricker,0.2,7,OptionC,2.9823181287288234,9.112518314015307e-16,0.0
Crab-eating fox,ricker,0.2,8,Current,-1.9893637257363697,4.556259157007654e-16,4.440892098500626e-16
Crab-eating fox,ricker,0.2,8,OptionA,-1.9893637257363697,4.556259157007654e-16,4.440892098500626e-16
Crab-eating fox,ricker,0.2,8,OptionC,-2.438067075553538,4.556259157007654e-16,4.440892098500626e-16
Crab-eating fox,ricker,0.2,9,Current,-6.545218237859717,9.112518314015307e-16,8.881784197001252e-16
Crab-eating fox,ricker,0.2,9,OptionA,-6.545218237859717,9.112518314015307e-16,8.881784197001252e-16
Crab-eating fox,ricker,0.2,9,OptionC,-6.99392158767525,0.0,8.881784197001252e-16
Crab-eating fox,ricker,0.2,10,Current,4.088669556637091,1.8225036628030615e-15,0.0
Crab-eating fox,ricker,0.2,10,OptionA,4.088669556637091,1.8225036628030615e-15,0.0
Crab-eating fox,ricker,0.2,10,OptionC,3.629937520864877,4.556259157007654e-16,0.0
Crab-eating fox,allee,0.1,0,Current,9.23055024723286,1.8225036628030615e-15,1.7763568394002505e-15
Crab-eating fox,allee,0.1,0,OptionA,9.23055024723286,1.8225036628030615e-15,1.7763568394002505e-15
Crab-eating fox,allee,0.1,0,OptionC,8.769022734871218,1.8225036628030615e-15,1.7763568394002505e-15
Crab-eating fox,allee,0.1,1,Current,10.153605271956147,1.8225036628030615e-15,0.0
Crab-eating fox,allee,0.1,1,OptionA,10.153605271956147,1.8225036628030615e-15,0.0
Crab-eating fox,allee,0.1,1,OptionC,9.692077759594508,1.8225036628030615e-15,0.0
Crab-eating fox,allee,0.1,2,Current,10.13038257642836,0.0,3.552713678800501e-15
Crab-eating fox,allee,0.1,2,OptionA,10.13038257642836,0.0,3.552713678800501e-15
Crab-eating fox,allee,0.1,2,OptionC,9.656687269214995,1.8225036628030615e-15,3.552713678800501e-15
Crab-eating fox,allee,0.1,3,Current,4.6152751236164296,7.058526334438275e-16,0.0
Crab-eating fox,allee,0.1,3,OptionA,4.6152751236164296,7.058526334438275e-16,0.0
Crab-eating fox,allee,0.1,3,OptionC,4.153747611254786,7.058526334438275e-16,0.0
Crab-eating fox,allee,0.1,4,Current,5.2553689304806984e-17,1.2646159555672758e-32,6.162975822039155e-33
Crab-eating fox,allee,0.1,4,OptionA,5.2553689304806984e-17,1.2646159555672758e-32,6.162975822039155e-33
Crab-eating fox,allee,0.1,4,OptionC,-0.4615275123616434,0.0,6.162975822039155e-33
Crab-eating fox,allee,0.1,5,Current,8.12592339015453,0.19324372839873208,0.0
Crab-eating fox,allee,0.1,5,OptionA,8.12592339015453,0.19324372839873208,0.0
Crab-eating fox,allee,0.1,5,OptionC,7.676822179799757,0.1967646016978777,0.0
Crab-eating fox,allee,0.1,6,Current,2.6457537172381325,0.2866544742840413,4.440892098500626e-16
Crab-eating fox,allee,0.1,6,OptionA,2.6457537172381325,0.2866544742840413,4.440892098500626e-16
Crab-eating fox,allee,0.1,6,OptionC,2.193393150451177,0.2875243174435987,4.440892098500626e-16
Crab-eating fox,allee,0.1,7,Current,-2.714796972720755,21.22964788949204,2.6645352591003757e-15
Crab-eating fox,allee,0.1,7,OptionA,-0.360854055963905,15.026285029017924,2.6645352591003757e-15
Crab-eating fox,allee,0.1,7,OptionC,-3.168282301466294,21.242867177497125,2.6645352591003757e-15
Crab-eating fox,allee,0.1,8,Current,-8.07838571456694,18.00924783364742,1.7763568394002505e-15
Crab-eating fox,allee,0.1,8,OptionA,-5.196435328438788,10.738694277009541,1.7763568394002505e-15
Crab-eating fox,allee,0.1,8,OptionC,-8.533298704580556,18.02274226740837,1.7763568394002505e-15
Crab-eating fox,allee,0.1,9,Current,-45.712750104925696,62.12637487205465,2.1316282072803006e-14
Crab-eating fox,allee,0.1,9,OptionA,-42.879235482544985,58.30078419220558,2.1316282072803006e-14
Crab-eating fox,allee,0.1,9,OptionC,-46.18312727665075,62.14575137504796,2.1316282072803006e-14
Crab-eating fox,allee,0.1,10,Current,3.38720259785273,0.06539765851693362,8.881784197001252e-16
Crab-eating fox,allee,0.1,10,OptionA,3.38720259785273,0.06539765851693362,8.881784197001252e-16
Crab-eating fox,allee,0.1,10,OptionC,2.9253723039942403,0.06566311397016696,8.881784197001252e-16
Crab-eating fox,allee,0.2,0,Current,9.23055024723286,1.8225036628030615e-15,1.7763568394002505e-15
Crab-eating fox,allee,0.2,0,OptionA,9.23055024723286,1.8225036628030615e-15,1.7763568394002505e-15
Crab-eating fox,allee,0.2,0,OptionC,8.769022734871218,1.8225036628030615e-15,1.7763568394002505e-15
Crab-eating fox,allee,0.2,1,Current,10.153605271956147,1.8225036628030615e-15,0.0
Crab-eating fox,allee,0.2,1,OptionA,10.153605271956147,1.8225036628030615e-15,0.0
Crab-eating fox,allee,0.2,1,OptionC,9.692077759594508,1.8225036628030615e-15,0.0
Crab-eating fox,allee,0.2,2,Current,10.13038257642836,0.0,3.552713678800501e-15
Crab-eating fox,allee,0.2,2,OptionA,10.13038257642836,0.0,3.552713678800501e-15
Crab-eating fox,allee,0.2,2,OptionC,9.656687269214995,1.8225036628030615e-15,3.552713678800501e-15
Crab-eating fox,allee,0.2,3,Current,4.6152751236164296,7.058526334438275e-16,0.0
Crab-eating fox,allee,0.2,3,OptionA,4.6152751236164296,7.058526334438275e-16,0.0
Crab-eating fox,allee,0.2,3,OptionC,4.153747611254786,7.058526334438275e-16,0.0
Crab-eating fox,allee,0.2,4,Current,5.2553689304806984e-17,1.2646159555672758e-32,6.162975822039155e-33
Crab-eating fox,allee,0.2,4,OptionA,5.2553689304806984e-17,1.2646159555672758e-32,6.162975822039155e-33
Crab-eating fox,allee,0.2,4,OptionC,-0.4615275123616434,0.0,6.162975822039155e-33
Crab-eating fox,allee,0.2,5,Current,8.12592339015453,0.19324372839873208,0.0
Crab-eating fox,allee,0.2,5,OptionA,8.12592339015453,0.19324372839873208,0.0
Crab-eating fox,allee,0.2,5,OptionC,7.676822179799757,0.1967646016978777,0.0
Crab-eating fox,allee,0.2,6,Current,2.6457537172381325,0.2866544742840413,4.440892098500626e-16
Crab-eating fox,allee,0.2,6,OptionA,2.6457537172381325,0.2866544742840413,4.440892098500626e-16
Crab-eating fox,allee,0.2,6,OptionC,2.193393150451177,0.2875243174435987,4.440892098500626e-16
Crab-eating fox,allee,0.2,7,Current,-2.714796972720755,21.22964788949204,2.6645352591003757e-15
Crab-eating fox,allee,0.2,7,OptionA,-0.360854055963905,15.026285029017924,2.6645352591003757e-15
Crab-eating fox,allee,0.2,7,OptionC,-3.168282301466294,21.242867177497125,2.6645352591003757e-15
Crab-eating fox,allee,0.2,8,Current,-8.07838571456694,18.00924783364742,1.7763568394002505e-15
Crab-eating fox,allee,0.2,8,OptionA,-5.196435328438788,10.738694277009541,1.7763568394002505e-15
Crab-eating fox,allee,0.2,8,OptionC,-8.533298704580556,18.02274226740837,1.7763568394002505e-15
Crab-eating fox,allee,0.2,9,Current,-45.712750104925696,62.12637487205465,2.1316282072803006e-14
Crab-eating fox,allee,0.2,9,OptionA,-42.879235482544985,58.30078419220558,2.1316282072803006e-14
Crab-eating fox,allee,0.2,9,OptionC,-46.18312727665075,62.14575137504796,2.1316282072803006e-14
Crab-eating fox,allee,0.2,10,Current,3.38720259785273,0.06539765851693362,8.881784197001252e-16
Crab-eating fox,allee,0.2,10,OptionA,3.38720259785273,0.06539765851693362,8.881784197001252e-16
Crab-eating fox,allee,0.2,10,OptionC,2.9253723039942403,0.06566311397016696,8.881784197001252e-16
Crab-eating fox,theta,0.1,0,Current,9.230550247232859,0.0,1.7763568394002505e-15
Crab-eating fox,theta,0.1,0,OptionA,9.230550247232859,0.0,1.7763568394002505e-15
Crab-eating fox,theta,0.1,0,OptionC,8.769022734871216,0.0,1.7763568394002505e-15
Crab-eating fox,theta,0.1,1,Current,10.153605271956147,1.8225036628030615e-15,1.7763568394002505e-15
Crab-eating fox,theta,0.1,1,OptionA,10.153605271956147,1.8225036628030615e-15,1.7763568394002505e-15
Crab-eating fox,theta,0.1,1,OptionC,9.6920777595945,1.8225036628030615e-15,1.7763568394002505e-15
Crab-eating fox,theta,0.1,2,Current,10.137444889640571,1.8225036628030615e-15,3.552713678800501e-15
Crab-eating fox,theta,0.1,2,OptionA,10.137444889640571,1.8225036628030615e-15,3.552713678800501e-15
Crab-eating fox,theta,0.1,2,OptionC,9.66383621111033,1.8225036628030615e-15,3.552713678800501e-15
Crab-eating fox,theta,0.1,3,Current,4.6152751236164296,0.0,8.881784197001252e-16
Crab-eating fox,theta,0.1,3,OptionA,4.6152751236164296,0.0,8.881784197001252e-16
Crab-eating fox,theta,0.1,3,OptionC,4.1537476112547855,0.0,8.881784197001252e-16
Crab-eating fox,theta,0.1,4,Current,0.0,0.0,0.0
Crab-eating fox,theta,0.1,4,OptionA,0.0,0.0,0.0
Crab-eating fox,theta,0.1,4,OptionC,-0.4615275123616434,0.0,0.0
Crab-eating fox,theta,0.1,5,Current,8.30592141962068,0.01569191403656662,1.7763568394002505e-15
Crab-eating fox,theta,0.1,5,OptionA,8.30592141962068,0.01569191403656662,1.7763568394002505e-15
Crab-eating fox,theta,0.1,5,OptionC,7.857420682795801,0.01570301797132665,1.7763568394002505e-15
Crab-eating fox,theta,0.1,6,Current,2.8963110167757704,0.018130908905200308,4.440892098500626e-16
Crab-eating fox,theta,0.1,6,OptionA,2.8963110167757704,0.018130908905200308,4.440892098500626e-16
Crab-eating fox,theta,0.1,6,OptionC,2.447663414868437,0.018320681177659455,4.440892098500626e-16
Crab-eating fox,theta,0.1,7,Current,3.675293089780408,0.045881357711488345,1.7763568394002505e-15
Crab-eating fox,theta,0.1,7,OptionA,3.675293089780408,0.045881357711488345,1.7763568394002505e-15
Crab-eating fox,theta,0.1,7,OptionC,3.2260018275293567,0.04753023338645182,1.7763568394002505e-15
Crab-eating fox,theta,0.1,8,Current,-1.7405149040155805,0.06699997243170976,0.0
Crab-eating fox,theta,0.1,8,OptionA,-1.7405149040155805,0.06699997243170976,0.0
Crab-eating fox,theta,0.1,8,OptionC,-2.1903157364403567,0.068189488911733,0.0
Crab-eating fox,theta,0.1,9,Current,-6.466325056915688,0.23626146941261286,1.7763568394002505e-15
Crab-eating fox,theta,0.1,9,OptionA,-6.466325056915688,0.23626146941261286,1.7763568394002505e-15
Crab-eating fox,theta,0.1,9,OptionC,-6.916859286368963,0.2381378023652735,1.7763568394002505e-15
Crab-eating fox,theta,0.1,10,Current,3.109916304324549,0.21557568715139278,8.881784197001252e-16
Crab-eating fox,theta,0.1,10,OptionA,3.109916304324549,0.21557568715139278,8.881784197001252e-16
Crab-eating fox,theta,0.1,10,OptionC,2.647723630665758,0.21605884035034287,8.881784197001252e-16
Crab-eating fox,theta,0.2,0,Current,9.230550247232859,0.0,1.7763568394002505e-15
Crab-eating fox,theta,0.2,0,OptionA,9.230550247232859,0.0,1.7763568394002505e-15
Crab-eating fox,theta,0.2,0,OptionC,8.769022734871216,0.0,1.7763568394002505e-15
Crab-eating fox,theta,0.2,1,Current,10.153605271956147,1.8225036628030615e-15,1.7763568394002505e-15
Crab-eating fox,theta,0.2,1,OptionA,10.153605271956147,1.8225036628030615e-15,1.7763568394002505e-15
Crab-eating fox,theta,0.2,1,OptionC,9.6920777595945,1.8225036628030615e-15,1.7763568394002505e-15
Crab-eating fox,theta,0.2,2,Current,10.137444889640571,1.8225036628030615e-15,3.552713678800501e-15
Crab-eating fox,theta,0.2,2,OptionA,10.137444889640571,1.8225036628030615e-15,3.552713678800501e-15
Crab-eating fox,theta,0.2,2,OptionC,9.66383621111033,1.8225036628030615e-15,3.552713678800501e-15
Crab-eating fox,theta,0.2,3,Current,4.6152751236164296,0.0,8.881784197001252e-16
Crab-eating fox,theta,0.2,3,OptionA,4.6152751236164296,0.0,8.881784197001252e-16
Crab-eating fox,theta,0.2,3,OptionC,4.1537476112547855,0.0,8.881784197001252e-16
Crab-eating fox,theta,0.2,4,Current,0.0,0.0,0.0
Crab-eating fox,theta,0.2,4,OptionA,0.0,0.0,0.0
Crab-eating fox,theta,0.2,4,OptionC,-0.4615275123616434,0.0,0.0
Crab-eating fox,theta,0.2,5,Current,8.30592141962068,0.01569191403656662,1.7763568394002505e-15
Crab-eating fox,theta,0.2,5,OptionA,8.30592141962068,0.01569191403656662,1.7763568394002505e-15
Crab-eating fox,theta,0.2,5,OptionC,7.857420682795801,0.01570301797132665,1.7763568394002505e-15
Crab-eating fox,theta,0.2,6,Current,2.8963110167757704,0.018130908905200308,4.440892098500626e-16
Crab-eating fox,theta,0.2,6,OptionA,2.8963110167757704,0.018130908905200308,4.440892098500626e-16
Crab-eating fox,theta,0.2,6,OptionC,2.447663414868437,0.018320681177659455,4.440892098500626e-16
Crab-eating fox,theta,0.2,7,Current,3.675293089780408,0.045881357711488345,1.7763568394002505e-15
Crab-eating fox,theta,0.2,7,OptionA,3.675293089780408,0.045881357711488345,1.7763568394002505e-15
Crab-eating fox,theta,0.2,7,OptionC,3.2260018275293567,0.04753023338645182,1.7763568394002505e-15
Crab-eating fox,theta,0.2,8,Current,-1.7405149040155805,0.06699997243170976,0.0
Crab-eating fox,theta,0.2,8,OptionA,-1.7405149040155805,0.06699997243170976,0.0
Crab-eating fox,theta,0.2,8,OptionC,-2.1903157364403567,0.068189488911733,0.0
Crab-eating fox,theta,0.2,9,Current,-6.466325056915688,0.23626146941261286,1.7763568394002505e-15
Crab-eating fox,theta,0.2,9,OptionA,-6.466325056915688,0.23626146941261286,1.7763568394002505e-15
Crab-eating fox,theta,0.2,9,OptionC,-6.916859286368963,0.2381378023652735,1.7763568394002505e-15
Crab-eating fox,theta,0.2,10,Current,3.109916304324549,0.21557568715139278,8.881784197001252e-16
Crab-eating fox,theta,0.2,10,OptionA,3.109916304324549,0.21557568715139278,8.881784197001252e-16
Crab-eating fox,theta,0.2,10,OptionC,2.647723630665758,0.21605884035034287,8.881784197001252e-16
Crab-eating fox,regime,0.1,0,Current,9.230550247232859,8.150484158540002e-16,0.0
Crab-eating fox,regime,0.1,0,OptionA,9.230550247232859,8.150484158540002e-16,0.0
Crab-eating fox,regime,0.1,0,OptionC,8.769022734871218,1.7763568394002505e-15,0.0
Crab-eating fox,regime,0.1,1,Current,10.153605271956147,1.8225036628030615e-15,0.0
Crab-eating fox,regime,0.1,1,OptionA,10.153605271956147,1.8225036628030615e-15,0.0
Crab-eating fox,regime,0.1,1,OptionC,9.692077759594508,1.8225036628030615e-15,0.0
Crab-eating fox,regime,0.1,2,Current,10.13038257642836,0.0,3.552713678800501e-15
Crab-eating fox,regime,0.1,2,OptionA,10.13038257642836,0.0,3.552713678800501e-15
Crab-eating fox,regime,0.1,2,OptionC,9.656687269214995,1.8225036628030615e-15,3.552713678800501e-15
Crab-eating fox,regime,0.1,3,Current,4.6152751236164296,9.982263672530257e-16,0.0
Crab-eating fox,regime,0.1,3,OptionA,4.6152751236164296,9.982263672530257e-16,0.0
Crab-eating fox,regime,0.1,3,OptionC,4.153747611254786,1.0389869442406085e-15,0.0
Crab-eating fox,regime,0.1,4,Current,6.714937020943797e-17,9.38806973010841e-16,0.0
Crab-eating fox,regime,0.1,4,OptionA,6.714937020943797e-17,9.38806973010841e-16,0.0
Crab-eating fox,regime,0.1,4,OptionC,-0.4615275123616433,9.888401130813774e-16,0.0
Crab-eating fox,regime,0.1,5,Current,8.107407855501815,0.21570501512494158,0.0
Crab-eating fox,regime,0.1,5,OptionA,8.107407855501815,0.21570501512494158,0.0
Crab-eating fox,regime,0.1,5,OptionC,7.658698077403213,0.2157047732583115,0.0
Crab-eating fox,regime,0.1,6,Current,2.746469763316235,0.21112347311712,4.440892098500626e-16
Crab-eating fox,regime,0.1,6,OptionA,2.746469763316235,0.21112347311712,4.440892098500626e-16
Crab-eating fox,regime,0.1,6,OptionC,2.2977664138309892,0.21112347310196208,4.440892098500626e-16
Crab-eating fox,regime,0.1,7,Current,-11.549341384609125,33.84854995649955,5.329070518200751e-15
Crab-eating fox,regime,0.1,7,OptionA,-7.727648474022769,25.696827249158773,5.329070518200751e-15
Crab-eating fox,regime,0.1,7,OptionC,-12.010880160862227,33.86628845715067,5.329070518200751e-15
Crab-eating fox,regime,0.1,8,Current,-41.62637523208974,53.86088170321682,2.1316282072803006e-14
Crab-eating fox,regime,0.1,8,OptionA,-29.8199321864995,40.758464943764295,2.1316282072803006e-14
Crab-eating fox,regime,0.1,8,OptionC,-42.09289567748872,53.8837780970754,2.1316282072803006e-14
Crab-eating fox,regime,0.1,9,Current,-51.15503801950622,61.58953710752527,1.4210854715202004e-14
Crab-eating fox,regime,0.1,9,OptionA,-47.252380790672184,57.3379344759298,1.4210854715202004e-14
Crab-eating fox,regime,0.1,9,OptionC,-51.63517798120896,61.60418416508234,1.4210854715202004e-14
Crab-eating fox,regime,0.1,10,Current,3.553029918718365,0.10084523934367892,4.440892098500626e-16
Crab-eating fox,regime,0.1,10,OptionA,3.553029918718365,0.10084523934367892,4.440892098500626e-16
Crab-eating fox,regime,0.1,10,OptionC,3.091586086611964,0.10096654872884747,4.440892098500626e-16
Crab-eating fox,regime,0.2,0,Current,9.230550247232859,8.150484158540002e-16,0.0
Crab-eating fox,regime,0.2,0,OptionA,9.230550247232859,8.150484158540002e-16,0.0
Crab-eating fox,regime,0.2,0,OptionC,8.769022734871218,1.7763568394002505e-15,0.0
Crab-eating fox,regime,0.2,1,Current,10.153605271956147,1.8225036628030615e-15,0.0
Crab-eating fox,regime,0.2,1,OptionA,10.153605271956147,1.8225036628030615e-15,0.0
Crab-eating fox,regime,0.2,1,OptionC,9.692077759594508,1.8225036628030615e-15,0.0
Crab-eating fox,regime,0.2,2,Current,10.13038257642836,0.0,3.552713678800501e-15
Crab-eating fox,regime,0.2,2,OptionA,10.13038257642836,0.0,3.552713678800501e-15
Crab-eating fox,regime,0.2,2,OptionC,9.656687269214995,1.8225036628030615e-15,3.552713678800501e-15
Crab-eating fox,regime,0.2,3,Current,4.6152751236164296,9.982263672530257e-16,0.0
Crab-eating fox,regime,0.2,3,OptionA,4.6152751236164296,9.982263672530257e-16,0.0
Crab-eating fox,regime,0.2,3,OptionC,4.153747611254786,1.0389869442406085e-15,0.0
Crab-eating fox,regime,0.2,4,Current,6.714937020943797e-17,9.38806973010841e-16,0.0
Crab-eating fox,regime,0.2,4,OptionA,6.714937020943797e-17,9.38806973010841e-16,0.0
Crab-eating fox,regime,0.2,4,OptionC,-0.4615275123616433,9.888401130813774e-16,0.0
Crab-eating fox,regime,0.2,5,Current,8.107407855501815,0.21570501512494158,0.0
Crab-eating fox,regime,0.2,5,OptionA,8.107407855501815,0.21570501512494158,0.0
Crab-eating fox,regime,0.2,5,OptionC,7.658698077403213,0.2157047732583115,0.0
Crab-eating fox,regime,0.2,6,Current,2.746469763316235,0.21112347311712,4.440892098500626e-16
Crab-eating fox,regime,0.2,6,OptionA,2.746469763316235,0.21112347311712,4.440892098500626e-16
Crab-eating fox,regime,0.2,6,OptionC,2.2977664138309892,0.21112347310196208,4.440892098500626e-16
Crab-eating fox,regime,0.2,7,Current,-11.549341384609125,33.84854995649955,5.329070518200751e-15
Crab-eating fox,regime,0.2,7,OptionA,-7.727648474022769,25.696827249158773,5.329070518200751e-15
Crab-eating fox,regime,0.2,7,OptionC,-12.010880160862227,33.86628845715067,5.329070518200751e-15
Crab-eating fox,regime,0.2,8,Current,-41.62637523208974,53.86088170321682,2.1316282072803006e-14
Crab-eating fox,regime,0.2,8,OptionA,-29.8199321864995,40.758464943764295,2.1316282072803006e-14
Crab-eating fox,regime,0.2,8,OptionC,-42.09289567748872,53.8837780970754,2.1316282072803006e-14
Crab-eating fox,regime,0.2,9,Current,-51.15503801950622,61.58953710752527,1.4210854715202004e-14
Crab-eating fox,regime,0.2,9,OptionA,-47.252380790672184,57.3379344759298,1.4210854715202004e-14
Crab-eating fox,regime,0.2,9,OptionC,-51.63517798120896,61.60418416508234,1.4210854715202004e-14
Crab-eating fox,regime,0.2,10,Current,3.553029918718365,0.10084523934367892,4.440892098500626e-16
Crab-eating fox,regime,0.2,10,OptionA,3.553029918718365,0.10084523934367892,4.440892098500626e-16
Crab-eating fox,regime,0.2,10,OptionC,3.091586086611964,0.10096654872884747,4.440892098500626e-16
Egyptian vulture,ricker,0.1,0,Current,-183.80319504587473,2.9160058604848984e-14,2.842170943040401e-14
Egyptian vulture,ricker,0.1,0,OptionA,-149.14680502168045,0.0,2.842170943040401e-14
Egyptian vulture,ricker,0.1,0,OptionC,-183.91511548344795,2.9160058604848984e-14,2.842170943040401e-14
Egyptian vulture,ricker,0.1,1,Current,-183.28286110763565,0.0,0.0
Egyptian vulture,ricker,0.1,1,OptionA,-166.087672815654,0.0,0.0
Egyptian vulture,ricker,0.1,1,OptionC,-183.39488278548916,2.9160058604848984e-14,0.0
Egyptian vulture,ricker,0.1,2,Current,-182.4161045452783,0.0,5.684341886080802e-14
Egyptian vulture,ricker,0.1,2,OptionA,-167.63942675569393,0.0,5.684341886080802e-14
Egyptian vulture,ricker,0.1,2,OptionC,-182.52812637613394,0.0,5.684341886080802e-14
Egyptian vulture,ricker,0.1,3,Current,-187.6334700763418,0.0,2.842170943040401e-14
Egyptian vulture,ricker,0.1,3,OptionA,-117.6039395801414,1.4580029302424492e-14,2.842170943040401e-14
Egyptian vulture,ricker,0.1,3,OptionC,-187.74204657868208,2.9160058604848984e-14,2.842170943040401e-14
Egyptian vulture,ricker,0.1,4,Current,-192.03226017229593,0.0,2.842170943040401e-14
Egyptian vulture,ricker,0.1,4,OptionA,-111.69087252841344,0.0,2.842170943040401e-14
Egyptian vulture,ricker,0.1,4,OptionC,-192.13876194502694,0.0,2.842170943040401e-14
Egyptian vulture,ricker,0.1,5,Current,-187.26465138858703,0.0,5.684341886080802e-14
Egyptian vulture,ricker,0.1,5,OptionA,-152.6082613643927,2.9160058604848984e-14,5.684341886080802e-14
Egyptian vulture,ricker,0.1,5,OptionC,-187.37657182616024,0.0,5.684341886080802e-14
Egyptian vulture,ricker,0.1,6,Current,-193.03374529310756,0.0,2.842170943040401e-14
Egyptian vulture,ricker,0.1,6,OptionA,-158.37735526891328,2.9160058604848984e-14,2.842170943040401e-14
Egyptian vulture,ricker,0.1,6,OptionC,-193.14566573068075,0.0,2.842170943040401e-14
Egyptian vulture,ricker,0.1,7,Current,-191.0949264190541,2.9160058604848984e-14,5.684341886080802e-14
Egyptian vulture,ricker,0.1,7,OptionA,-121.06539592285375,1.4580029302424492e-14,5.684341886080802e-14
Egyptian vulture,ricker,0.1,7,OptionC,-191.20350292139437,0.0,5.684341886080802e-14
Egyptian vulture,ricker,0.1,8,Current,-196.86402032357464,2.9160058604848984e-14,2.842170943040401e-14
Egyptian vulture,ricker,0.1,8,OptionA,-126.83448982737431,2.9160058604848984e-14,2.842170943040401e-14
Egyptian vulture,ricker,0.1,8,OptionC,-196.9725968259149,0.0,2.842170943040401e-14
Egyptian vulture,ricker,0.1,9,Current,-201.2628104195288,2.9160058604848984e-14,2.842170943040401e-14
Egyptian vulture,ricker,0.1,9,OptionA,-120.92142277564623,4.374008790727348e-14,2.842170943040401e-14
Egyptian vulture,ricker,0.1,9,OptionC,-201.3693121922598,2.9160058604848984e-14,2.842170943040401e-14
Egyptian vulture,ricker,0.1,10,Current,-188.25777762890044,2.9160058604848984e-14,2.842170943040401e-14
Egyptian vulture,ricker,0.1,10,OptionA,-92.33597872001226,1.4580029302424492e-14,2.842170943040401e-14
Egyptian vulture,ricker,0.1,10,OptionC,-188.360823958642,0.0,2.842170943040401e-14
Egyptian vulture,ricker,0.2,0,Current,-183.80319504587473,2.9160058604848984e-14,2.842170943040401e-14
Egyptian vulture,ricker,0.2,0,OptionA,-149.14680502168045,0.0,2.842170943040401e-14
Egyptian vulture,ricker,0.2,0,OptionC,-183.91511548344795,2.9160058604848984e-14,2.842170943040401e-14
Egyptian vulture,ricker,0.2,1,Current,-183.28286110763565,0.0,0.0
Egyptian vulture,ricker,0.2,1,OptionA,-166.087672815654,0.0,0.0
Egyptian vulture,ricker,0.2,1,OptionC,-183.39488278548916,2.9160058604848984e-14,0.0
Egyptian vulture,ricker,0.2,2,Current,-182.4161045452783,0.0,5.684341886080802e-14
Egyptian vulture,ricker,0.2,2,OptionA,-167.63942675569393,0.0,5.684341886080802e-14
Egyptian vulture,ricker,0.2,2,OptionC,-182.52812637613394,0.0,5.684341886080802e-14
Egyptian vulture,ricker,0.2,3,Current,-187.6334700763418,0.0,2.842170943040401e-14
Egyptian vulture,ricker,0.2,3,OptionA,-117.6039395801414,1.4580029302424492e-14,2.842170943040401e-14
Egyptian vulture,ricker,0.2,3,OptionC,-187.74204657868208,2.9160058604848984e-14,2.842170943040401e-14
Egyptian vulture,ricker,0.2,4,Current,-192.03226017229593,0.0,2.842170943040401e-14
Egyptian vulture,ricker,0.2,4,OptionA,-111.69087252841344,0.0,2.842170943040401e-14
Egyptian vulture,ricker,0.2,4,OptionC,-192.13876194502694,0.0,2.842170943040401e-14
Egyptian vulture,ricker,0.2,5,Current,-187.26465138858703,0.0,5.684341886080802e-14
Egyptian vulture,ricker,0.2,5,OptionA,-152.6082613643927,2.9160058604848984e-14,5.684341886080802e-14
Egyptian vulture,ricker,0.2,5,OptionC,-187.37657182616024,0.0,5.684341886080802e-14
Egyptian vulture,ricker,0.2,6,Current,-193.03374529310756,0.0,2.842170943040401e-14
Egyptian vulture,ricker,0.2,6,OptionA,-158.37735526891328,2.9160058604848984e-14,2.842170943040401e-14
Egyptian vulture,ricker,0.2,6,OptionC,-193.14566573068075,0.0,2.842170943040401e-14
Egyptian vulture,ricker,0.2,7,Current,-191.0949264190541,2.9160058604848984e-14,5.684341886080802e-14
Egyptian vulture,ricker,0.2,7,OptionA,-121.06539592285375,1.4580029302424492e-14,5.684341886080802e-14
Egyptian vulture,ricker,0.2,7,OptionC,-191.20350292139437,0.0,5.684341886080802e-14
Egyptian vulture,ricker,0.2,8,Current,-196.86402032357464,2.9160058604848984e-14,2.842170943040401e-14
Egyptian vulture,ricker,0.2,8,OptionA,-126.83448982737431,2.9160058604848984e-14,2.842170943040401e-14
Egyptian vulture,ricker,0.2,8,OptionC,-196.9725968259149,0.0,2.842170943040401e-14
Egyptian vulture,ricker,0.2,9,Current,-201.2628104195288,2.9160058604848984e-14,2.842170943040401e-14
Egyptian vulture,ricker,0.2,9,OptionA,-120.92142277564623,4.374008790727348e-14,2.842170943040401e-14
Egyptian vulture,ricker,0.2,9,OptionC,-201.3693121922598,2.9160058604848984e-14,2.842170943040401e-14
Egyptian vulture,ricker,0.2,10,Current,-188.25777762890044,2.9160058604848984e-14,2.842170943040401e-14
Egyptian vulture,ricker,0.2,10,OptionA,-92.33597872001226,1.4580029302424492e-14,2.842170943040401e-14
Egyptian vulture,ricker,0.2,10,OptionC,-188.360823958642,0.0,2.842170943040401e-14
Egyptian vulture,allee,0.1,0,Current,-183.80319504587473,2.9160058604848984e-14,2.842170943040401e-14
Egyptian vulture,allee,0.1,0,OptionA,-149.14680502168045,0.0,2.842170943040401e-14
Egyptian vulture,allee,0.1,0,OptionC,-183.91511548344795,2.9160058604848984e-14,2.842170943040401e-14
Egyptian vulture,allee,0.1,1,Current,-183.28286110763565,0.0,0.0
Egyptian vulture,allee,0.1,1,OptionA,-166.087672815654,0.0,0.0
Egyptian vulture,allee,0.1,1,OptionC,-183.39488278548916,2.9160058604848984e-14,0.0
Egyptian vulture,allee,0.1,2,Current,-182.4161045452783,0.0,5.684341886080802e-14
Egyptian vulture,allee,0.1,2,OptionA,-167.63942675569393,0.0,5.684341886080802e-14
Egyptian vulture,allee,0.1,2,OptionC,-182.52812637613394,0.0,5.684341886080802e-14
Egyptian vulture,allee,0.1,3,Current,-187.6334700763418,0.0,2.842170943040401e-14
Egyptian vulture,allee,0.1,3,OptionA,-117.6039395801414,1.4580029302424492e-14,2.842170943040401e-14
Egyptian vulture,allee,0.1,3,OptionC,-187.74204657868208,2.9160058604848984e-14,2.842170943040401e-14
Egyptian vulture,allee,0.1,4,Current,-192.03226017229593,0.0,2.842170943040401e-14
Egyptian vulture,allee,0.1,4,OptionA,-111.69087252841344,0.0,2.842170943040401e-14
Egyptian vulture,allee,0.1,4,OptionC,-192.13876194502694,0.0,2.842170943040401e-14
Egyptian vulture,allee,0.1,5,Current,-187.26465138858703,0.0,5.684341886080802e-14
Egyptian vulture,allee,0.1,5,OptionA,-152.6082613643927,2.9160058604848984e-14,5.684341886080802e-14
Egyptian vulture,allee,0.1,5,OptionC,-187.37657182616024,0.0,5.684341886080802e-14
Egyptian vulture,allee,0.1,6,Current,-193.03374529310756,0.0,2.842170943040401e-14
Egyptian vulture,allee,0.1,6,OptionA,-158.37735526891328,2.9160058604848984e-14,2.842170943040401e-14
Egyptian vulture,allee,0.1,6,OptionC,-193.14566573068075,0.0,2.842170943040401e-14
Egyptian vulture,allee,0.1,7,Current,-191.0949264190541,2.9160058604848984e-14,5.684341886080802e-14
Egyptian vulture,allee,0.1,7,OptionA,-121.06539592285375,1.4580029302424492e-14,5.684341886080802e-14
Egyptian vulture,allee,0.1,7,OptionC,-191.20350292139437,0.0,5.684341886080802e-14
Egyptian vulture,allee,0.1,8,Current,-196.86402032357464,2.9160058604848984e-14,2.842170943040401e-14
Egyptian vulture,allee,0.1,8,OptionA,-126.83448982737431,2.9160058604848984e-14,2.842170943040401e-14
Egyptian vulture,allee,0.1,8,OptionC,-196.9725968259149,0.0,2.842170943040401e-14
Egyptian vulture,allee,0.1,9,Current,-201.2628104195288,2.9160058604848984e-14,2.842170943040401e-14
Egyptian vulture,allee,0.1,9,OptionA,-120.92142277564623,4.374008790727348e-14,2.842170943040401e-14
Egyptian vulture,allee,0.1,9,OptionC,-201.3693121922598,2.9160058604848984e-14,2.842170943040401e-14
Egyptian vulture,allee,0.1,10,Current,-188.25777762890044,2.9160058604848984e-14,2.842170943040401e-14
Egyptian vulture,allee,0.1,10,OptionA,-92.33597872001226,1.4580029302424492e-14,2.842170943040401e-14
Egyptian vulture,allee,0.1,10,OptionC,-188.360823958642,0.0,2.842170943040401e-14
Egyptian vulture,allee,0.2,0,Current,-183.80319504587473,2.9160058604848984e-14,2.842170943040401e-14
Egyptian vulture,allee,0.2,0,OptionA,-149.14680502168045,0.0,2.842170943040401e-14
Egyptian vulture,allee,0.2,0,OptionC,-183.91511548344795,2.9160058604848984e-14,2.842170943040401e-14
Egyptian vulture,allee,0.2,1,Current,-183.28286110763565,0.0,0.0
Egyptian vulture,allee,0.2,1,OptionA,-166.087672815654,0.0,0.0
Egyptian vulture,allee,0.2,1,OptionC,-183.39488278548916,2.9160058604848984e-14,0.0
Egyptian vulture,allee,0.2,2,Current,-182.4161045452783,0.0,5.684341886080802e-14
Egyptian vulture,allee,0.2,2,OptionA,-167.63942675569393,0.0,5.684341886080802e-14
Egyptian vulture,allee,0.2,2,OptionC,-182.52812637613394,0.0,5.684341886080802e-14
Egyptian vulture,allee,0.2,3,Current,-187.6334700763418,0.0,2.842170943040401e-14
Egyptian vulture,allee,0.2,3,OptionA,-117.6039395801414,1.4580029302424492e-14,2.842170943040401e-14
Egyptian vulture,allee,0.2,3,OptionC,-187.74204657868208,2.9160058604848984e-14,2.842170943040401e-14
Egyptian vulture,allee,0.2,4,Current,-192.03226017229593,0.0,2.842170943040401e-14
Egyptian vulture,allee,0.2,4,OptionA,-111.69087252841344,0.0,2.842170943040401e-14
Egyptian vulture,allee,0.2,4,OptionC,-192.13876194502694,0.0,2.842170943040401e-14
Egyptian vulture,allee,0.2,5,Current,-187.26465138858703,0.0,5.684341886080802e-14
Egyptian vulture,allee,0.2,5,OptionA,-152.6082613643927,2.9160058604848984e-14,5.684341886080802e-14
Egyptian vulture,allee,0.2,5,OptionC,-187.37657182616024,0.0,5.684341886080802e-14
Egyptian vulture,allee,0.2,6,Current,-193.03374529310756,0.0,2.842170943040401e-14
Egyptian vulture,allee,0.2,6,OptionA,-158.37735526891328,2.9160058604848984e-14,2.842170943040401e-14
Egyptian vulture,allee,0.2,6,OptionC,-193.14566573068075,0.0,2.842170943040401e-14
Egyptian vulture,allee,0.2,7,Current,-191.0949264190541,2.9160058604848984e-14,5.684341886080802e-14
Egyptian vulture,allee,0.2,7,OptionA,-121.06539592285375,1.4580029302424492e-14,5.684341886080802e-14
Egyptian vulture,allee,0.2,7,OptionC,-191.20350292139437,0.0,5.684341886080802e-14
Egyptian vulture,allee,0.2,8,Current,-196.86402032357464,2.9160058604848984e-14,2.842170943040401e-14
Egyptian vulture,allee,0.2,8,OptionA,-126.83448982737431,2.9160058604848984e-14,2.842170943040401e-14
Egyptian vulture,allee,0.2,8,OptionC,-196.9725968259149,0.0,2.842170943040401e-14
Egyptian vulture,allee,0.2,9,Current,-201.2628104195288,2.9160058604848984e-14,2.842170943040401e-14
Egyptian vulture,allee,0.2,9,OptionA,-120.92142277564623,4.374008790727348e-14,2.842170943040401e-14
Egyptian vulture,allee,0.2,9,OptionC,-201.3693121922598,2.9160058604848984e-14,2.842170943040401e-14
Egyptian vulture,allee,0.2,10,Current,-188.25777762890044,2.9160058604848984e-14,2.842170943040401e-14
Egyptian vulture,allee,0.2,10,OptionA,-92.33597872001226,1.4580029302424492e-14,2.842170943040401e-14
Egyptian vulture,allee,0.2,10,OptionC,-188.360823958642,0.0,2.842170943040401e-14
Egyptian vulture,theta,0.1,0,Current,-183.7788090838053,0.0,5.684341886080802e-14
Egyptian vulture,theta,0.1,0,OptionA,-148.0547786246194,2.9160058604848984e-14,5.684341886080802e-14
Egyptian vulture,theta,0.1,0,OptionC,-183.89070710277295,0.0,5.684341886080802e-14
Egyptian vulture,theta,0.1,1,Current,-183.24208305085898,0.0,2.842170943040401e-14
Egyptian vulture,theta,0.1,1,OptionA,-164.29186741955195,2.9160058604848984e-14,2.842170943040401e-14
Egyptian vulture,theta,0.1,1,OptionC,-183.35410436511336,2.9160058604848984e-14,2.842170943040401e-14
Egyptian vulture,theta,0.1,2,Current,-182.3726495283468,0.0,0.0
Egyptian vulture,theta,0.1,2,OptionA,-165.72965872559143,0.0,0.0
Egyptian vulture,theta,0.1,2,OptionC,-182.4846712643526,2.9160058604848984e-14,0.0
Egyptian vulture,theta,0.1,3,Current,-187.62955001094397,2.9160058604848984e-14,0.0
Egyptian vulture,theta,0.1,3,OptionA,-117.4161255161875,0.0,0.0
Egyptian vulture,theta,0.1,3,OptionC,-187.73809345222483,0.0,0.0
Egyptian vulture,theta,0.1,4,Current,-192.03226017229593,0.0,2.842170943040401e-14
Egyptian vulture,theta,0.1,4,OptionA,-111.69087252841351,0.0,2.842170943040401e-14
Egyptian vulture,theta,0.1,4,OptionC,-192.13876194502694,0.0,2.842170943040401e-14
Egyptian vulture,theta,0.1,5,Current,-187.24026542651757,2.9160058604848984e-14,5.684341886080802e-14
Egyptian vulture,theta,0.1,5,OptionA,-151.51623496733177,2.9160058604848984e-14,5.684341886080802e-14
Egyptian vulture,theta,0.1,5,OptionC,-187.35216344548536,5.832011720969797e-14,5.684341886080802e-14
Egyptian vulture,theta,0.1,6,Current,-193.00935933103813,2.9160058604848984e-14,5.684341886080802e-14
Egyptian vulture,theta,0.1,6,OptionA,-157.2853288718523,5.832011720969797e-14,5.684341886080802e-14
Egyptian vulture,theta,0.1,6,OptionC,-193.1212573500058,2.9160058604848984e-14,5.684341886080802e-14
Egyptian vulture,theta,0.1,7,Current,-191.09100635365627,2.9160058604848984e-14,5.684341886080802e-14
Egyptian vulture,theta,0.1,7,OptionA,-120.87758185889984,1.4580029302424492e-14,5.684341886080802e-14
Egyptian vulture,theta,0.1,7,OptionC,-191.19954979493724,5.832011720969797e-14,5.684341886080802e-14
Egyptian vulture,theta,0.1,8,Current,-196.86010025817683,0.0,0.0
Egyptian vulture,theta,0.1,8,OptionA,-126.64667576342035,2.9160058604848984e-14,0.0
Egyptian vulture,theta,0.1,8,OptionC,-196.9686436994577,2.9160058604848984e-14,0.0
Egyptian vulture,theta,0.1,9,Current,-201.2628104195288,2.9160058604848984e-14,2.842170943040401e-14
Egyptian vulture,theta,0.1,9,OptionA,-120.92142277564638,2.9160058604848984e-14,2.842170943040401e-14
Egyptian vulture,theta,0.1,9,OptionC,-201.3693121922598,2.9160058604848984e-14,2.842170943040401e-14
Egyptian vulture,theta,0.1,10,Current,-188.20253686177284,0.0,2.842170943040401e-14
Egyptian vulture,theta,0.1,10,OptionA,-89.44432114709159,1.4580029302424492e-14,2.842170943040401e-14
Egyptian vulture,theta,0.1,10,OptionC,-188.30521022091958,2.9160058604848984e-14,2.842170943040401e-14
Egyptian vulture,theta,0.2,0,Current,-183.7788090838053,0.0,5.684341886080802e-14
Egyptian vulture,theta,0.2,0,OptionA,-148.0547786246194,2.9160058604848984e-14,5.684341886080802e-14
Egyptian vulture,theta,0.2,0,OptionC,-183.89070710277295,0.0,5.684341886080802e-14
Egyptian vulture,theta,0.2,1,Current,-183.24208305085898,0.0,2.842170943040401e-14
Egyptian vulture,theta,0.2,1,OptionA,-164.29186741955195,2.9160058604848984e-14,2.842170943040401e-14
Egyptian vulture,theta,0.2,1,OptionC,-183.35410436511336,2.9160058604848984e-14,2.842170943040401e-14
Egyptian vulture,theta,0.2,2,Current,-182.3726495283468,0.0,0.0
Egyptian vulture,theta,0.2,2,OptionA,-165.72965872559143,0.0,0.0
Egyptian vulture,theta,0.2,2,OptionC,-182.4846712643526,2.9160058604848984e-14,0.0
Egyptian vulture,theta,0.2,3,Current,-187.62955001094397,2.9160058604848984e-14,0.0
Egyptian vulture,theta,0.2,3,OptionA,-117.4161255161875,0.0,0.0
Egyptian vulture,theta,0.2,3,OptionC,-187.73809345222483,0.0,0.0
Egyptian vulture,theta,0.2,4,Current,-192.03226017229593,0.0,2.842170943040401e-14
Egyptian vulture,theta,0.2,4,OptionA,-111.69087252841351,0.0,2.842170943040401e-14
Egyptian vulture,theta,0.2,4,OptionC,-192.13876194502694,0.0,2.842170943040401e-14
Egyptian vulture,theta,0.2,5,Current,-187.24026542651757,2.9160058604848984e-14,5.684341886080802e-14
Egyptian vulture,theta,0.2,5,OptionA,-151.51623496733177,2.9160058604848984e-14,5.684341886080802e-14
Egyptian vulture,theta,0.2,5,OptionC,-187.35216344548536,5.832011720969797e-14,5.684341886080802e-14
Egyptian vulture,theta,0.2,6,Current,-193.00935933103813,2.9160058604848984e-14,5.684341886080802e-14
Egyptian vulture,theta,0.2,6,OptionA,-157.2853288718523,5.832011720969797e-14,5.684341886080802e-14
Egyptian vulture,theta,0.2,6,OptionC,-193.1212573500058,2.9160058604848984e-14,5.684341886080802e-14
Egyptian vulture,theta,0.2,7,Current,-191.09100635365627,2.9160058604848984e-14,5.684341886080802e-14
Egyptian vulture,theta,0.2,7,OptionA,-120.87758185889984,1.4580029302424492e-14,5.684341886080802e-14
Egyptian vulture,theta,0.2,7,OptionC,-191.19954979493724,5.832011720969797e-14,5.684341886080802e-14
Egyptian vulture,theta,0.2,8,Current,-196.86010025817683,0.0,0.0
Egyptian vulture,theta,0.2,8,OptionA,-126.64667576342035,2.9160058604848984e-14,0.0
Egyptian vulture,theta,0.2,8,OptionC,-196.9686436994577,2.9160058604848984e-14,0.0
Egyptian vulture,theta,0.2,9,Current,-201.2628104195288,2.9160058604848984e-14,2.842170943040401e-14
Egyptian vulture,theta,0.2,9,OptionA,-120.92142277564638,2.9160058604848984e-14,2.842170943040401e-14
Egyptian vulture,theta,0.2,9,OptionC,-201.3693121922598,2.9160058604848984e-14,2.842170943040401e-14
Egyptian vulture,theta,0.2,10,Current,-188.20253686177284,0.0,2.842170943040401e-14
Egyptian vulture,theta,0.2,10,OptionA,-89.44432114709159,1.4580029302424492e-14,2.842170943040401e-14
Egyptian vulture,theta,0.2,10,OptionC,-188.30521022091958,2.9160058604848984e-14,2.842170943040401e-14
Egyptian vulture,regime,0.1,0,Current,-183.80319504587473,2.9160058604848984e-14,2.842170943040401e-14
Egyptian vulture,regime,0.1,0,OptionA,-149.14680502168045,0.0,2.842170943040401e-14
Egyptian vulture,regime,0.1,0,OptionC,-183.91511548344795,2.9160058604848984e-14,2.842170943040401e-14
Egyptian vulture,regime,0.1,1,Current,-183.28286110763565,0.0,0.0
Egyptian vulture,regime,0.1,1,OptionA,-166.087672815654,0.0,0.0
Egyptian vulture,regime,0.1,1,OptionC,-183.39488278548916,2.9160058604848984e-14,0.0
Egyptian vulture,regime,0.1,2,Current,-182.4161045452783,0.0,5.684341886080802e-14
Egyptian vulture,regime,0.1,2,OptionA,-167.63942675569393,0.0,5.684341886080802e-14
Egyptian vulture,regime,0.1,2,OptionC,-182.52812637613394,0.0,5.684341886080802e-14
Egyptian vulture,regime,0.1,3,Current,-187.6334700763418,0.0,2.842170943040401e-14
Egyptian vulture,regime,0.1,3,OptionA,-117.6039395801414,1.4580029302424492e-14,2.842170943040401e-14
Egyptian vulture,regime,0.1,3,OptionC,-187.74204657868208,2.9160058604848984e-14,2.842170943040401e-14
Egyptian vulture,regime,0.1,4,Current,-192.03226017229593,0.0,2.842170943040401e-14
Egyptian vulture,regime,0.1,4,OptionA,-111.69087252841344,0.0,2.842170943040401e-14
Egyptian vulture,regime,0.1,4,OptionC,-192.13876194502694,0.0,2.842170943040401e-14
Egyptian vulture,regime,0.1,5,Current,-187.26465138858703,0.0,5.684341886080802e-14
Egyptian vulture,regime,0.1,5,OptionA,-152.6082613643927,2.9160058604848984e-14,5.684341886080802e-14
Egyptian vulture,regime,0.1,5,OptionC,-187.37657182616024,0.0,5.684341886080802e-14
Egyptian vulture,regime,0.1,6,Current,-193.03374529310756,0.0,2.842170943040401e-14
Egyptian vulture,regime,0.1,6,OptionA,-158.37735526891328,2.9160058604848984e-14,2.842170943040401e-14
Egyptian vulture,regime,0.1,6,OptionC,-193.14566573068075,0.0,2.842170943040401e-14
Egyptian vulture,regime,0.1,7,Current,-191.0949264190541,2.9160058604848984e-14,5.684341886080802e-14
Egyptian vulture,regime,0.1,7,OptionA,-121.06539592285375,1.4580029302424492e-14,5.684341886080802e-14
Egyptian vulture,regime,0.1,7,OptionC,-191.20350292139437,0.0,5.684341886080802e-14
Egyptian vulture,regime,0.1,8,Current,-196.86402032357464,2.9160058604848984e-14,2.842170943040401e-14
Egyptian vulture,regime,0.1,8,OptionA,-126.83448982737431,2.9160058604848984e-14,2.842170943040401e-14
Egyptian vulture,regime,0.1,8,OptionC,-196.9725968259149,0.0,2.842170943040401e-14
Egyptian vulture,regime,0.1,9,Current,-201.2628104195288,2.9160058604848984e-14,2.842170943040401e-14
Egyptian vulture,regime,0.1,9,OptionA,-120.92142277564623,4.374008790727348e-14,2.842170943040401e-14
Egyptian vulture,regime,0.1,9,OptionC,-201.3693121922598,2.9160058604848984e-14,2.842170943040401e-14
Egyptian vulture,regime,0.1,10,Current,-188.25777762890044,2.9160058604848984e-14,2.842170943040401e-14
Egyptian vulture,regime,0.1,10,OptionA,-92.33597872001226,1.4580029302424492e-14,2.842170943040401e-14
Egyptian vulture,regime,0.1,10,OptionC,-188.360823958642,0.0,2.842170943040401e-14
Egyptian vulture,regime,0.2,0,Current,-183.80319504587473,2.9160058604848984e-14,2.842170943040401e-14
Egyptian vulture,regime,0.2,0,OptionA,-149.14680502168045,0.0,2.842170943040401e-14
Egyptian vulture,regime,0.2,0,OptionC,-183.91511548344795,2.9160058604848984e-14,2.842170943040401e-14
Egyptian vulture,regime,0.2,1,Current,-183.28286110763565,0.0,0.0
Egyptian vulture,regime,0.2,1,OptionA,-166.087672815654,0.0,0.0
Egyptian vulture,regime,0.2,1,OptionC,-183.39488278548916,2.9160058604848984e-14,0.0
Egyptian vulture,regime,0.2,2,Current,-182.4161045452783,0.0,5.684341886080802e-14
Egyptian vulture,regime,0.2,2,OptionA,-167.63942675569393,0.0,5.684341886080802e-14
Egyptian vulture,regime,0.2,2,OptionC,-182.52812637613394,0.0,5.684341886080802e-14
Egyptian vulture,regime,0.2,3,Current,-187.6334700763418,0.0,2.842170943040401e-14
Egyptian vulture,regime,0.2,3,OptionA,-117.6039395801414,1.4580029302424492e-14,2.842170943040401e-14
Egyptian vulture,regime,0.2,3,OptionC,-187.74204657868208,2.9160058604848984e-14,2.842170943040401e-14
Egyptian vulture,regime,0.2,4,Current,-192.03226017229593,0.0,2.842170943040401e-14
Egyptian vulture,regime,0.2,4,OptionA,-111.69087252841344,0.0,2.842170943040401e-14
Egyptian vulture,regime,0.2,4,OptionC,-192.13876194502694,0.0,2.842170943040401e-14
Egyptian vulture,regime,0.2,5,Current,-187.26465138858703,0.0,5.684341886080802e-14
Egyptian vulture,regime,0.2,5,OptionA,-152.6082613643927,2.9160058604848984e-14,5.684341886080802e-14
Egyptian vulture,regime,0.2,5,OptionC,-187.37657182616024,0.0,5.684341886080802e-14
Egyptian vulture,regime,0.2,6,Current,-193.03374529310756,0.0,2.842170943040401e-14
Egyptian vulture,regime,0.2,6,OptionA,-158.37735526891328,2.9160058604848984e-14,2.842170943040401e-14
Egyptian vulture,regime,0.2,6,OptionC,-193.14566573068075,0.0,2.842170943040401e-14
Egyptian vulture,regime,0.2,7,Current,-191.0949264190541,2.9160058604848984e-14,5.684341886080802e-14
Egyptian vulture,regime,0.2,7,OptionA,-121.06539592285375,1.4580029302424492e-14,5.684341886080802e-14
Egyptian vulture,regime,0.2,7,OptionC,-191.20350292139437,0.0,5.684341886080802e-14
Egyptian vulture,regime,0.2,8,Current,-196.86402032357464,2.9160058604848984e-14,2.842170943040401e-14
Egyptian vulture,regime,0.2,8,OptionA,-126.83448982737431,2.9160058604848984e-14,2.842170943040401e-14
Egyptian vulture,regime,0.2,8,OptionC,-196.9725968259149,0.0,2.842170943040401e-14
Egyptian vulture,regime,0.2,9,Current,-201.2628104195288,2.9160058604848984e-14,2.842170943040401e-14
Egyptian vulture,regime,0.2,9,OptionA,-120.92142277564623,4.374008790727348e-14,2.842170943040401e-14
Egyptian vulture,regime,0.2,9,OptionC,-201.3693121922598,2.9160058604848984e-14,2.842170943040401e-14
Egyptian vulture,regime,0.2,10,Current,-188.25777762890044,2.9160058604848984e-14,2.842170943040401e-14
Egyptian vulture,regime,0.2,10,OptionA,-92.33597872001226,1.4580029302424492e-14,2.842170943040401e-14
Egyptian vulture,regime,0.2,10,OptionC,-188.360823958642,0.0,2.842170943040401e-14
